playlistId,playlistTitle,playlistChannelId,playlistVideoCount
PLTHOlLMWEwVy52FUngq91krMkQDQBagYw,Vlog,UCtinbF-Q-fVthA0qrFQTgXQ,490
PLTHOlLMWEwVy2ZNmdrwRlRlVfZ8fiR_ms,best of CASEY NEISTAT,UCtinbF-Q-fVthA0qrFQTgXQ,15
PLTHOlLMWEwVwjF20TugWSajmCOPthUs8c,Making Stuff,UCtinbF-Q-fVthA0qrFQTgXQ,12
PLTHOlLMWEwVyb6KQWEPUUYdwqADEZTvor,Adventure Movies,UCtinbF-Q-fVthA0qrFQTgXQ,14
PLTHOlLMWEwVxHokyqZb87f0_AxngZFDeH,Bike Movies,UCtinbF-Q-fVthA0qrFQTgXQ,5
PLTHOlLMWEwVzBaZQu6jfATpqeQfN0LvHl,The CLA Project,UCtinbF-Q-fVthA0qrFQTgXQ,4
PLmKbqjSZR8TYFj7eqb0DhDs8hdNm8IcZ2,The Best So Far,UC3XTzVzaHQEd30rQbuvCtTQ,10
PLmKbqjSZR8TZ-bKtWdzCb3BQR7M5uYWor,Interviews,UC3XTzVzaHQEd30rQbuvCtTQ,10
PLmKbqjSZR8TYD9bf1-N9MYe_cSEwQAx43,"And now, these...",UC3XTzVzaHQEd30rQbuvCtTQ,11
PLmKbqjSZR8TbfAMV9bLy4beDh4vrze5kc,Clips,UC3XTzVzaHQEd30rQbuvCtTQ,102
PLmKbqjSZR8Tb9GfcO9akyINIU05irAizN,Web Exclusives,UC3XTzVzaHQEd30rQbuvCtTQ,35
PLmKbqjSZR8TZa7wyVoVq2XMHxxWREyiFc,What to watch next,UC3XTzVzaHQEd30rQbuvCtTQ,134
PLmKbqjSZR8TaB3GMTs9Okll0pyq5CoVSB,Episode 103 (5/11/14) Clips,UC3XTzVzaHQEd30rQbuvCtTQ,4
PLmKbqjSZR8TaNjzkuwaFOqjQibUnS2w6u,Last Week Tonight Season 1 Web Exclusives,UC3XTzVzaHQEd30rQbuvCtTQ,10
PLmKbqjSZR8TYaJFRTZHUDvkym8qrn1FFf,Episode 102 (5/4/14) Clips,UC3XTzVzaHQEd30rQbuvCtTQ,4
PLmKbqjSZR8TZmG4vFnBIIH35EWswFgsG0,Episode 101 (4/27/14) Clips,UC3XTzVzaHQEd30rQbuvCtTQ,4
PLmKbqjSZR8TbMNJW_mbEpAsGWcAhO7hVh,Last Week Tonight's Totally Rad GOP Commercials!,UC3XTzVzaHQEd30rQbuvCtTQ,2
PLmKbqjSZR8TbwCK8RZCc16Ex-FtlNo_Lt,Favorites,UC3XTzVzaHQEd30rQbuvCtTQ,3
PLTB0eCoUXEra3gzjnZ2qwjuXgcf-eDO9U,TVF Music | Download the music albums from TVFPlay.com,UCNJcSUSzUeFm8W9P7UUlSeQ,4
PLTB0eCoUXErYH5Fx1YC6kluJn75H-CEeq,TVF's FATHERS | Full E01 - E03 now available only on TVFPlay (App/Website),UCNJcSUSzUeFm8W9P7UUlSeQ,5
PLTB0eCoUXErZxXbwCctNVSHFQugMj8zeo,TVF's Humorously Yours | Full Season now streaming on TVFPlay (App/Website),UCNJcSUSzUeFm8W9P7UUlSeQ,8
PLTB0eCoUXErZMLKgavKRsztWHsNS2GRhm,TVF's Chai Sutta Chronicles,UCNJcSUSzUeFm8W9P7UUlSeQ,7
PLTB0eCoUXErYP_eXc3do0K4dIMUR3XwMG,TVF Bachelors | E03 now streaming only on TVFPlay (App/Website),UCNJcSUSzUeFm8W9P7UUlSeQ,4
PLTB0eCoUXEraZe3d7fJRdB-znE5D0cMZ7,TVF Tripling | Complete Season on TVFPlay (App/Website),UCNJcSUSzUeFm8W9P7UUlSeQ,6
PLTB0eCoUXErbKX0HslriPAyphawSraylS,Best of Arnub #MakeIndiaGreatAgain,UCNJcSUSzUeFm8W9P7UUlSeQ,7
PLTB0eCoUXErZUhVlVAqOzUEBcJ3jm-qKA,Daaru Pe Charcha,UCNJcSUSzUeFm8W9P7UUlSeQ,3
PLTB0eCoUXEraeVTCc6IaHa_BfF1V5NIsn,TVF's The Making Of... Season 2,UCNJcSUSzUeFm8W9P7UUlSeQ,1
PLTB0eCoUXErZpnOUF1CD_syEKkrReXdF7,TVF's Permanent Roommates | Season 02 | Complete Season on TVFPlay (app/website),UCNJcSUSzUeFm8W9P7UUlSeQ,9
PLTB0eCoUXEraiJudYXBzvqlrhvKfychSL,Now Streaming on TVFPlay (App/Website),UCNJcSUSzUeFm8W9P7UUlSeQ,13
PLTB0eCoUXErYqCtQEemZ0-L5Kj-Faeqem,TVF Energized Entrepreneurs Live with Ronnie Screwvala,UCNJcSUSzUeFm8W9P7UUlSeQ,3
PLTB0eCoUXErbtRa6MYRnPCQMXT57TG2on,TVF Pitchers | Season 01 | Complete Season on TVFPlay (app and website),UCNJcSUSzUeFm8W9P7UUlSeQ,10
PLTB0eCoUXErb4EZL6dL_xPfGeHyge-Z2A,TVF's Biggest Hits,UCNJcSUSzUeFm8W9P7UUlSeQ,13
PLTB0eCoUXErb0NYOXVgZyHJW6Cx_3HWWm,TVF's Tech Conversations With Dad,UCNJcSUSzUeFm8W9P7UUlSeQ,7
PLTB0eCoUXErb8dhpfLqaOvRkcd-GA3MCR,Sulemani Keeda - Now available at tvfinboxoffice.com,UCNJcSUSzUeFm8W9P7UUlSeQ,6
PLTB0eCoUXErZB49YWdznIX1DEwaRWDgx7,TVF's Barely Speaking with Arnub,UCNJcSUSzUeFm8W9P7UUlSeQ,6
PLTB0eCoUXErZe2pMrH3qO4tHtw-K0QKb_,TVF's Permanent Roommates | Season 01,UCNJcSUSzUeFm8W9P7UUlSeQ,9
PLTB0eCoUXErZX8w-f6gTptmmLrjVdNrtA,CID Qtiyapa : Qissa Missing Dimag ka,UCNJcSUSzUeFm8W9P7UUlSeQ,2
PLTB0eCoUXErZOt1hEm1-YMxHYfeRbsmWT,TVF CoCan Studio,UCNJcSUSzUeFm8W9P7UUlSeQ,9
PLTB0eCoUXErZ5P4GZZfe5l8AJ0_qBVwkc,TVF's The Making Of... | Season 01 | Season 02 Now Streaming on TVFPlay,UCNJcSUSzUeFm8W9P7UUlSeQ,5
PLTB0eCoUXErbeMuCKG4sVnBs8YALJC-tY,TVF Office Romance Wars,UCNJcSUSzUeFm8W9P7UUlSeQ,3
PLTB0eCoUXErYT7B9fVW3vd8Vy423IaLkT,Theatrical Trollers,UCNJcSUSzUeFm8W9P7UUlSeQ,4
PLTB0eCoUXEraEALbmoQRkt_B8Mjm47gJg,TVF's Aadha 24 - Complete Season,UCNJcSUSzUeFm8W9P7UUlSeQ,5
PLTB0eCoUXErZCgjTjWkfnZXDcZnp1ba2W,Qtiyapa Rewind,UCNJcSUSzUeFm8W9P7UUlSeQ,6
PLTB0eCoUXErbOG6paaU8ojwRBv-Aa86sJ,TVF's Chai Sutta Chronicles,UCNJcSUSzUeFm8W9P7UUlSeQ,7
PLTB0eCoUXErbjhY955OZf8ZT1wm4w37jA,Mobile Q-tiyapa,UCNJcSUSzUeFm8W9P7UUlSeQ,4
PLTB0eCoUXErY6U9rnDb6JAi88TNdVKuCq,Rowdies: A Journey to Shame,UCNJcSUSzUeFm8W9P7UUlSeQ,2
PLTB0eCoUXErb-FBRixVub98-M_LHHgCLY,Gangs of Social Media : Collector's Edition Q-tiyapa,UCNJcSUSzUeFm8W9P7UUlSeQ,2
PLC2F485C1F58681FC,TVF Originals,UCNJcSUSzUeFm8W9P7UUlSeQ,15
PLD26CBE00DE64B381,TVF Qtiyapa,UCNJcSUSzUeFm8W9P7UUlSeQ,22
PLF05eR2VJLBlYDvpobpmjxmA9ZxwQR77T,Behind The Scenes & Bloopers,UCzUYuC_9XdUUdrnyLii8WYg,14
PLF05eR2VJLBkTjJ3BZGP99xEhWDtd2MbS,Test Tube,UCzUYuC_9XdUUdrnyLii8WYg,3
PLF05eR2VJLBlCUArUMK0vv9rg5CW64Tl3,Better Life Foundation,UCzUYuC_9XdUUdrnyLii8WYg,5
PLF05eR2VJLBkmUtRT15g73AYApfHZiNGH,AIB : Honest Bars & Restaurants,UCzUYuC_9XdUUdrnyLii8WYg,5
PLF05eR2VJLBltusDHM7m3aZmuHgo7C7ms,AIB's Honest Series,UCzUYuC_9XdUUdrnyLii8WYg,7
PLF05eR2VJLBmYxfnJYAS-_jYIQB2L0jkH,AIB Knockout - The Roast Of Arjun Kapoor and Ranveer Singh,UCzUYuC_9XdUUdrnyLii8WYg,3
PLF05eR2VJLBmv4gY1v3513gDve1lGm2YY,#AskAIB,UCzUYuC_9XdUUdrnyLii8WYg,6
PLF05eR2VJLBk8tFaa55ayFqhbamaz0XDO,AIB Quickie,UCzUYuC_9XdUUdrnyLii8WYg,4
PLF05eR2VJLBmGz6t590DeKM9yjjOT8Ruw,Political Satire,UCzUYuC_9XdUUdrnyLii8WYg,4
PLF05eR2VJLBl0llaPQAUWzL59zuwy_flA,Musical Comedy!,UCzUYuC_9XdUUdrnyLii8WYg,5
PLF05eR2VJLBmBxk5vWShN0KGRaO7X8JoS,Bakchod Music,UCzUYuC_9XdUUdrnyLii8WYg,3
PLF05eR2VJLBmSVtrJ15WbsyjeB8yPOgkz,Bloopers and Behind The Scenes,UCzUYuC_9XdUUdrnyLii8WYg,10
PLF05eR2VJLBn0o_PoBj5gOOq0qjmPkr4h,Royal Turds 2013,UCzUYuC_9XdUUdrnyLii8WYg,7
PLF05eR2VJLBk32Us90iz5hdFeEwosUnaj,Social Satire,UCzUYuC_9XdUUdrnyLii8WYg,9
PLF05eR2VJLBkuQo2S04iiL7spUmnjTGO8,Bollywood Stuff,UCzUYuC_9XdUUdrnyLii8WYg,12
PLF05eR2VJLBkcWNFG3sm2fNRIRlDH8lGK,AIB365,UCzUYuC_9XdUUdrnyLii8WYg,7
PLF05eR2VJLBl8g0Tll1Ufk0l4pw5ELR4h,AIB's Podcast,UCzUYuC_9XdUUdrnyLii8WYg,15
PL8akVAD_Ef4dBrTDF0j0RYVG5-eEaTqB0,Lollapalooza 2016,UCUgrUBKwSnXwQOBG4v3igMg,9
PL8akVAD_Ef4cXEBWiS3xmY7oa9UXq88Su,Key & Peele AMA,UCUgrUBKwSnXwQOBG4v3igMg,5
PL8akVAD_Ef4fUTmheyyrW6AXyY5d4H8kL,Superb 0wl 2016,UCUgrUBKwSnXwQOBG4v3igMg,13
PL8akVAD_Ef4cItKR53SGzTa4B5lJ1OZUC,Formative,UCUgrUBKwSnXwQOBG4v3igMg,10
PL8akVAD_Ef4egzbEfrikZLnArl2TVFEDj,Ask Me Anything,UCUgrUBKwSnXwQOBG4v3igMg,24
PL8akVAD_Ef4fMbYZR-LYEcysi4Bg0p86s,redditgifts Shopping Network - RGSN,UCUgrUBKwSnXwQOBG4v3igMg,6
PL8akVAD_Ef4fZKTcUHl-eW5AJ0DfRU53T,Explain Like I'm Five,UCUgrUBKwSnXwQOBG4v3igMg,3
PL7D57A4AEF582624E,reddit.com Interviews Barney Frank,UCUgrUBKwSnXwQOBG4v3igMg,5
PL063E1426B9656691,IAMA: Mike Rowe | reddit's top ten questons,UCUgrUBKwSnXwQOBG4v3igMg,5
PL1D5DC19456F26EC9,IAMA: Congressman Ron Paul | reddit's top ten questions,UCUgrUBKwSnXwQOBG4v3igMg,5
PLgmmEn6ReJi_Qbc4NrC8wKHjpza6dlPDN,Favorites,UCjK8ORC71kwyj1DWFwril_A,1
PLgmmEn6ReJi-daG2_zB4Sj9DcZXduen2w,Ultimate REVIVAL Playlist,UCjK8ORC71kwyj1DWFwril_A,5
PLgmmEn6ReJi_obI797WBwDD9S09U_05nI,Vevo HQ Pop Mix,UCjK8ORC71kwyj1DWFwril_A,7
PLgmmEn6ReJi9X4sEuMns0LsXwF2BNiahW,Vevo HQ Pop Mix,UCjK8ORC71kwyj1DWFwril_A,6
PLgmmEn6ReJi_GM1YgXvk5tytFCyOgrVPU,Vevo HQ Pop Mix,UCjK8ORC71kwyj1DWFwril_A,6
PLgmmEn6ReJi9yzHWE3s2_rlImCk77B1rm,Vevo HQ Pop Mix,UCjK8ORC71kwyj1DWFwril_A,5
PLgmmEn6ReJi9be6ixBWjFRv73CSh9Tmma,Vevo HQ Pop Mix,UCjK8ORC71kwyj1DWFwril_A,5
PLgmmEn6ReJi-ocrVhXrRS20RCSDGVmS7t,Vevo HQ Pop Mix,UCjK8ORC71kwyj1DWFwril_A,5
PLgmmEn6ReJi8R-WDf02GizzZ8VVt9VulM,Vevo HQ Pop Mix,UCjK8ORC71kwyj1DWFwril_A,6
PLgmmEn6ReJi-KJ0f_Z8CJWgZ9VVvL05bU,Vevo HQ Pop Mix,UCjK8ORC71kwyj1DWFwril_A,5
PLgmmEn6ReJi9401dtlF3R9J01mAfdDgCn,Vevo HQ Pop Mix,UCjK8ORC71kwyj1DWFwril_A,5
PLgmmEn6ReJi-DvlZ6VXZsy_If6-BCmLnc,Vevo HQ Pop Mix,UCjK8ORC71kwyj1DWFwril_A,5
PLgmmEn6ReJi9yzd5JK2akpMaPYUgTk8s6,Vevo HQ Pop Mix,UCjK8ORC71kwyj1DWFwril_A,6
PLgmmEn6ReJi9mzGImswjpMKx5uuLg7Yu5,Vevo HQ Pop Mix,UCjK8ORC71kwyj1DWFwril_A,5
PLgmmEn6ReJi8RXcuLumqz2xzov7ZnXhNc,Vevo HQ Pop Mix,UCjK8ORC71kwyj1DWFwril_A,6
PLgmmEn6ReJi8nM7B7cy_Z6qlQg1N3o9pV,Vevo HQ Pop Mix,UCjK8ORC71kwyj1DWFwril_A,4
PLgmmEn6ReJi9IbQ2Sth7K56tHhQ_YgdRP,Vevo HQ Pop Mix,UCjK8ORC71kwyj1DWFwril_A,5
PLgmmEn6ReJi8zIHit0h2B6ZSUjEaGNUkF,Vevo HQ Pop Mix,UCjK8ORC71kwyj1DWFwril_A,9
PLgmmEn6ReJi-EBRLUZC09Itjs--waNu9R,Vevo HQ Pop Mix,UCjK8ORC71kwyj1DWFwril_A,9
PLgmmEn6ReJi9xRROnUOexBYvgLJME6ptY,Vevo HQ Pop Mix,UCjK8ORC71kwyj1DWFwril_A,9
PLgmmEn6ReJi_tUB15jiI76tHtBfPm_VdB,Vevo HQ Pop Mix,UCjK8ORC71kwyj1DWFwril_A,7
PLgmmEn6ReJi8FfGcdNT4CIsDFqHQB6Y-B,Vevo HQ Pop Mix,UCjK8ORC71kwyj1DWFwril_A,10
PLgmmEn6ReJi8wmImeATW6oMiQYE3RDfGh,Vevo HQ Pop Mix,UCjK8ORC71kwyj1DWFwril_A,11
PLgmmEn6ReJi8BRjbp-NRREsZVywyyBsV2,Vevo HQ Pop Mix,UCjK8ORC71kwyj1DWFwril_A,10
PLgmmEn6ReJi-kIgZDt6-wstLBgVKVpk0_,Vevo HQ Pop Mix,UCjK8ORC71kwyj1DWFwril_A,8
PLgmmEn6ReJi9hpjM26TnqPtaEcw5obIYp,Vevo HQ Pop Mix,UCjK8ORC71kwyj1DWFwril_A,10
PLgmmEn6ReJi_CaUZvnvyyK-D0zro7NgcE,Vevo HQ Pop Mix,UCjK8ORC71kwyj1DWFwril_A,13
PLgmmEn6ReJi8cmYC68mG5CLdfxrsHDClL,Vevo HQ Pop Mix,UCjK8ORC71kwyj1DWFwril_A,13
PLgmmEn6ReJi_ngMu0N95kwCDZNXl85AHJ,Vevo HQ Pop Mix,UCjK8ORC71kwyj1DWFwril_A,10
PLgmmEn6ReJi9DFYitsE29p8-ZzETmSUhQ,Vevo HQ Pop Mix,UCjK8ORC71kwyj1DWFwril_A,11
PLgmmEn6ReJi-6vYCE0f6wjfU-rI4oNqRg,Vevo HQ Pop Mix,UCjK8ORC71kwyj1DWFwril_A,11
PLgmmEn6ReJi9GINWrCX76euk84zDAhOPL,Vevo HQ Pop Mix,UCjK8ORC71kwyj1DWFwril_A,10
PLgmmEn6ReJi8vRzswKxDWAwRk2tyJ0eGj,Vevo HQ Pop Mix,UCjK8ORC71kwyj1DWFwril_A,10
PLgmmEn6ReJi9S10RdKeTc2IoQdnfD-Pff,Vevo HQ Pop Mix,UCjK8ORC71kwyj1DWFwril_A,11
PLgmmEn6ReJi_jwi6uBs5ItlOfOTucAIOz,Vevo HQ Pop Mix,UCjK8ORC71kwyj1DWFwril_A,11
PLgmmEn6ReJi_707HJjuB4_WtNmy3DRo3t,Vevo HQ Pop Mix,UCjK8ORC71kwyj1DWFwril_A,10
PLgmmEn6ReJi-6MnEh5UG6yRC6vw2YNwCt,Vevo HQ Pop Mix,UCjK8ORC71kwyj1DWFwril_A,10
PLgmmEn6ReJi-W6AD6eFZF-vxbU_jUhLY4,Vevo HQ Pop Mix,UCjK8ORC71kwyj1DWFwril_A,10
PLgmmEn6ReJi8vmI_4tOKTv7g2X5Ss1_4m,Vevo HQ Pop Mix,UCjK8ORC71kwyj1DWFwril_A,8
PLgmmEn6ReJi_rCPbhoLxE_oiYeeSP-577,Vevo HQ Pop Mix,UCjK8ORC71kwyj1DWFwril_A,5
PLgmmEn6ReJi-wjfFtM-SbVltLBcPjM7Kk,Vevo HQ Pop Mix,UCjK8ORC71kwyj1DWFwril_A,7
PLgmmEn6ReJi9fEvrOMJI6tytHaUFNAAOE,Vevo HQ Pop Mix,UCjK8ORC71kwyj1DWFwril_A,7
PLgmmEn6ReJi9935hcqUvaM9kFmyntbkvu,Vevo HQ Pop Mix,UCjK8ORC71kwyj1DWFwril_A,6
PLgmmEn6ReJi__nfNHTtZTYrSbcNVC-kQ-,Vevo HQ Pop Mix,UCjK8ORC71kwyj1DWFwril_A,8
PLgmmEn6ReJi8q45HKcPK1dRrOqkgD6JhF,Young Blood,UCjK8ORC71kwyj1DWFwril_A,4
PLgmmEn6ReJi-Iz_oayYfwJeURQHqQLbv7,Vevo HQ Pop Mix,UCjK8ORC71kwyj1DWFwril_A,6
PLgmmEn6ReJi-CHwjos2hW_aecMVYYvBaD,Vevo HQ Pop Mix,UCjK8ORC71kwyj1DWFwril_A,10
PLgmmEn6ReJi8BXIaFEfDo7l8BZwrK2oQ-,For You,UCjK8ORC71kwyj1DWFwril_A,7
PLgmmEn6ReJi93ZIYavDAcqAFo6nw8eMwg,Vevo HQ Pop Mix,UCjK8ORC71kwyj1DWFwril_A,9
PLgmmEn6ReJi9JmL5AQ1WlLgcv8-zELFB1,Vevo HQ Pop Mix,UCjK8ORC71kwyj1DWFwril_A,9
PLmU8B4gZ41ifU7C952drNuMMJ4O-PAuWv,Vevo HQ Pop Mix,UCANLZYMidaCbLQFWXBC95Jg,7
PLmU8B4gZ41idmw7pLKE3S0KbGx4JHLnnF,Vevo HQ Pop Mix,UCANLZYMidaCbLQFWXBC95Jg,6
PLmU8B4gZ41icRLzMyGcgfDf6pNtKKthDE,Vevo HQ Pop Mix,UCANLZYMidaCbLQFWXBC95Jg,6
PLmU8B4gZ41iesxCtWWNNqWXeNAQJSi8v4,Vevo HQ Pop Mix,UCANLZYMidaCbLQFWXBC95Jg,5
PLmU8B4gZ41ifvmPNgvv-kEZKmj5oXH6Vg,Vevo HQ Pop Mix,UCANLZYMidaCbLQFWXBC95Jg,5
PLmU8B4gZ41ieAX2yOGVBbVoAVPoWRVoVC,Vevo HQ Pop Mix,UCANLZYMidaCbLQFWXBC95Jg,5
PLmU8B4gZ41icbhYaIi9hJvR6H1pS7BbUb,Vevo HQ Pop Mix,UCANLZYMidaCbLQFWXBC95Jg,6
PLmU8B4gZ41ieMfjpTI6WgYzNegUxo9DEM,Vevo HQ Pop Mix,UCANLZYMidaCbLQFWXBC95Jg,5
PLmU8B4gZ41ifTY4pdD4z1IhWtJgLSBuIp,Vevo HQ Pop Mix,UCANLZYMidaCbLQFWXBC95Jg,5
PLmU8B4gZ41ieloeRbKC35zDn7JQFUC0Ry,Vevo HQ Pop Mix,UCANLZYMidaCbLQFWXBC95Jg,5
PLmU8B4gZ41ic7T1EvyY6X5noQlZ3FEBKM,Vevo HQ Pop Mix,UCANLZYMidaCbLQFWXBC95Jg,6
PLmU8B4gZ41iedp2OoZ8QzUITBRRL05z-4,Vevo HQ Pop Mix,UCANLZYMidaCbLQFWXBC95Jg,5
PLmU8B4gZ41ie1eScAWWms5aIsIwUex_l-,Vevo HQ Pop Mix,UCANLZYMidaCbLQFWXBC95Jg,6
PLmU8B4gZ41ieIZ3XBRhYM9G5qM13zi36t,Vevo HQ Pop Mix,UCANLZYMidaCbLQFWXBC95Jg,4
PLmU8B4gZ41ievhGu5ON64BVHZFRZJdY2i,Vevo HQ Pop Mix,UCANLZYMidaCbLQFWXBC95Jg,4
PLmU8B4gZ41idR6-4G2etTn4GJc59nIrgG,Vevo HQ Pop Mix,UCANLZYMidaCbLQFWXBC95Jg,9
PLmU8B4gZ41icr-AMfP_o987d22IN11Fn7,Vevo HQ Pop Mix,UCANLZYMidaCbLQFWXBC95Jg,9
PLmU8B4gZ41ic27yGuPHmgR5ehLgknEzlk,Vevo HQ Pop Mix,UCANLZYMidaCbLQFWXBC95Jg,8
PLmU8B4gZ41ifNypHrt8PFmxpUYbfujEfs,Vevo HQ Pop Mix,UCANLZYMidaCbLQFWXBC95Jg,7
PLmU8B4gZ41ifJdjVKfRc21s_0LNfyCGO8,Vevo HQ Pop Mix,UCANLZYMidaCbLQFWXBC95Jg,10
PLmU8B4gZ41ifOjhXzwVdpbpX--sQA8G1u,Vevo HQ Pop Mix,UCANLZYMidaCbLQFWXBC95Jg,11
PLmU8B4gZ41iepmTdf_u8ePv0v9YINbqdv,Vevo HQ Pop Mix,UCANLZYMidaCbLQFWXBC95Jg,10
PLmU8B4gZ41ifyHuum9hIHNSBTvvEYIYQS,Vevo HQ Pop Mix,UCANLZYMidaCbLQFWXBC95Jg,8
PLmU8B4gZ41icPLmMYaTOTTlwtGpKlla5C,Vevo HQ Pop Mix,UCANLZYMidaCbLQFWXBC95Jg,10
PLmU8B4gZ41ie4owlD8gG-ioR8SKEktx3k,Vevo HQ Pop Mix,UCANLZYMidaCbLQFWXBC95Jg,13
PLmU8B4gZ41icXdlfUxZKsvs7KqevzAc8n,Vevo HQ Pop Mix,UCANLZYMidaCbLQFWXBC95Jg,13
PLmU8B4gZ41icTPF3ZFKJew2hP6MNTN7qh,Vevo HQ Pop Mix,UCANLZYMidaCbLQFWXBC95Jg,10
PLmU8B4gZ41iccU3kYNueUKpOLH9LZgn_U,Vevo HQ Pop Mix,UCANLZYMidaCbLQFWXBC95Jg,11
PLmU8B4gZ41idmVnRgYDGfC78ye5UjSMkS,Vevo HQ Pop Mix,UCANLZYMidaCbLQFWXBC95Jg,10
PLmU8B4gZ41idKer3DCHK87PbVSaa_afig,Vevo HQ Pop Mix,UCANLZYMidaCbLQFWXBC95Jg,10
PLmU8B4gZ41ie7M7jpJL01R7PmTC6PrLvm,Vevo HQ Pop Mix,UCANLZYMidaCbLQFWXBC95Jg,11
PLmU8B4gZ41id0uoeHTK5qCHQrSLLlHZF-,Vevo HQ Pop Mix,UCANLZYMidaCbLQFWXBC95Jg,11
PLmU8B4gZ41icaozidIKUtW-qGgDK9k4rE,Vevo HQ Pop Mix,UCANLZYMidaCbLQFWXBC95Jg,10
PLmU8B4gZ41ifSlFBRo1tgIFOrDxbdDlpN,VVV ft. Taylor Swift - 'Style',UCANLZYMidaCbLQFWXBC95Jg,2
PLmU8B4gZ41iflm0gjibcOOngFNIs2eZ-V,Vevo HQ Pop Mix,UCANLZYMidaCbLQFWXBC95Jg,10
PLmU8B4gZ41idg6mt2zbQybO4F5wWmUxrZ,Vevo HQ Pop Mix,UCANLZYMidaCbLQFWXBC95Jg,8
PLmU8B4gZ41ieLC3W-VkOe2DJ9sCi0a3gf,Vevo HQ Pop Mix,UCANLZYMidaCbLQFWXBC95Jg,7
PLmU8B4gZ41idK7yitiRm5zGC4ctHxClfl,VVV ft. Taylor Swift,UCANLZYMidaCbLQFWXBC95Jg,2
PLmU8B4gZ41icCOPRyEkIM1n5gEzpOcTsl,Vevo HQ Pop Mix,UCANLZYMidaCbLQFWXBC95Jg,7
PLmU8B4gZ41ifhGhVNcXNJRyDFsWN2ituy,Vevo HQ Pop Mix,UCANLZYMidaCbLQFWXBC95Jg,6
PLmU8B4gZ41ieKWA5zIdKdmafHGBHr7o5Q,Vevo HQ Pop Mix,UCANLZYMidaCbLQFWXBC95Jg,8
PLmU8B4gZ41ifQcIZSvj-9zpqJl2fpcgAA,Vevo HQ Pop Mix,UCANLZYMidaCbLQFWXBC95Jg,6
PLmU8B4gZ41ifwztHGrEDi3XYaHlh2XG6-,Vevo HQ Pop Mix,UCANLZYMidaCbLQFWXBC95Jg,10
PLmU8B4gZ41icFFF0Vkr1oKc9cEBfivufw,Vevo HQ Pop Mix,UCANLZYMidaCbLQFWXBC95Jg,9
PLmU8B4gZ41idr3rlXQyJqdEerAnYiysAN,Vevo HQ Pop Mix,UCANLZYMidaCbLQFWXBC95Jg,10
PLmU8B4gZ41icz0NCbzOsl42oL2oPdvV9n,Vevo HQ Pop Mix,UCANLZYMidaCbLQFWXBC95Jg,9
PLmU8B4gZ41ieKU4OuFytYlF8LvHeFaYRp,Vevo HQ Pop Mix,UCANLZYMidaCbLQFWXBC95Jg,12
PLmU8B4gZ41iefFJH5eawR7PLlQ8gPvArK,Vevo HQ Pop Mix,UCANLZYMidaCbLQFWXBC95Jg,8
PLmU8B4gZ41ifXrG0EFVF3FldYnL3g8npE,Vevo HQ Pop Mix,UCANLZYMidaCbLQFWXBC95Jg,9
PLmU8B4gZ41icGnnfStoJMXP4liSBfDIjP,Vevo HQ Pop Mix,UCANLZYMidaCbLQFWXBC95Jg,6
PLsvoYlzBrLFCxZQQpGrY-NFq_6JZc4Vim,Kaleidoscope EP,UCDPM_n1atn2ijUwHd0NNRQw,3
PLsvoYlzBrLFAgsqoo_ap0JWZvhrF9LcW2,A Head Full Of Dreams,UCDPM_n1atn2ijUwHd0NNRQw,15
PLsvoYlzBrLFChZ43iM039Fbs0fhcftZFl,Game of Thrones: The Musical,UCDPM_n1atn2ijUwHd0NNRQw,5
PLsvoYlzBrLFB5EuAMvty5ysigmV-qA6vf,Viva la Vida,UCDPM_n1atn2ijUwHd0NNRQw,10
PLsvoYlzBrLFAzI5c8Dxc9qFrDRH0ef9AI,Parachutes,UCDPM_n1atn2ijUwHd0NNRQw,10
PLsvoYlzBrLFBRpOyTUl913BMTACT0PSim,Mylo Xyloto,UCDPM_n1atn2ijUwHd0NNRQw,14
PLsvoYlzBrLFCp1ebuufOg0E0ToTt2emWz,A Rush of Blood to the Head,UCDPM_n1atn2ijUwHd0NNRQw,11
PLsvoYlzBrLFD_v2N0GrRaQh5_o0kqJG_B,X&Y,UCDPM_n1atn2ijUwHd0NNRQw,13
PLsvoYlzBrLFBmyK2zisxgPtaVtNMQtSVc,Ghost Stories Live 2014,UCDPM_n1atn2ijUwHd0NNRQw,2
PLsvoYlzBrLFCjoOHHOiljjg1jdBB2-PlH,Ghost Stories,UCDPM_n1atn2ijUwHd0NNRQw,11
PLsvoYlzBrLFBFRjoEIb0tm9ihniwK-PLp,Live 2012,UCDPM_n1atn2ijUwHd0NNRQw,4
PLsvoYlzBrLFAJd4hNQSHw1lYjDKeQB_iU,Coldplay Official Music Videos Playlist,UCDPM_n1atn2ijUwHd0NNRQw,38
PL78B0E5D95D3C3111,Coldplay: Live On Letterman,UCDPM_n1atn2ijUwHd0NNRQw,5
FLDPM_n1atn2ijUwHd0NNRQw,Favorites,UCDPM_n1atn2ijUwHd0NNRQw,27
PL2-dafEMk2A7YdKv4XfKpfbTH5z6rEEj3,Intro to Deep Learning (Udacity Nanodegree),UCWN3xxRkmTPmbKwht9FuE5A,13
PL2-dafEMk2A64XaBlIUUI96yojneEfsuO,Game Bots,UCWN3xxRkmTPmbKwht9FuE5A,7
PL2-dafEMk2A58LXNa58qguPJGSwpf6pdJ,The Beauty of Math,UCWN3xxRkmTPmbKwht9FuE5A,2
PL2-dafEMk2A64Er6yZHw1CJoFWQqYxj4B,Intro to Data Analysis,UCWN3xxRkmTPmbKwht9FuE5A,3
PL2-dafEMk2A6nOBKJXwt6WxDjlxqLa7-F,Really Quick Questions,UCWN3xxRkmTPmbKwht9FuE5A,4
PL2-dafEMk2A7mfQDsEcmxxtxgFEZg0bW-,Live Sessions,UCWN3xxRkmTPmbKwht9FuE5A,19
PL2-dafEMk2A5BoX3KyKu6ti5_Pytp91sk,Neural Networks,UCWN3xxRkmTPmbKwht9FuE5A,6
PL2-dafEMk2A7EEME489DsI468AB0wQsMV,Intro to Tensorflow,UCWN3xxRkmTPmbKwht9FuE5A,11
PL2-dafEMk2A6QKz1mrk1uIGfHkC1zZ6UU,Learn Python for Data Science,UCWN3xxRkmTPmbKwht9FuE5A,6
PL2-dafEMk2A6Kc7pV6gHH-apBFxwFjKeY,Fresh Machine Learning,UCWN3xxRkmTPmbKwht9FuE5A,7
PL2-dafEMk2A4ut2pyv0fSIXqOzXtBGkLj,Machine Learning for Hackers,UCWN3xxRkmTPmbKwht9FuE5A,9
PL2-dafEMk2A5VKD1CvdJMNIYerxoyPOcU,Intro to Decentralized Apps,UCWN3xxRkmTPmbKwht9FuE5A,6
PL2-dafEMk2A54lEqRGsl7Zdcbj3IfEj_z,Intro to Bitcoin,UCWN3xxRkmTPmbKwht9FuE5A,3
PLpYIFjf1aEg8MxqOX0aCZaF9_Tc2_nX8s,Vevo Presents: Meghan Trainor,UCf3cbfAXgPFL6OywH7JwOzA,3
PLpYIFjf1aEg_za31ahAS-vSmmpTzqd_lr,Favorites,UCf3cbfAXgPFL6OywH7JwOzA,6
PLpYIFjf1aEg_qcsO9U2iGgHchXa4Cu-rG,VVV ft. Meghan Trainor,UCf3cbfAXgPFL6OywH7JwOzA,2
PLpYIFjf1aEg9IEt-Sd29AKtPG5tsCZ70b,VVV ft. Meghan Trainor,UCf3cbfAXgPFL6OywH7JwOzA,2
PLf1ZR0nYHRJjtsZKYQWnqCA61zXK5NR6C,Vevo HQ Indie Mix,UCVrPiUtl29kULN2HIAm244Q,5
PLf1ZR0nYHRJg1hnNFJVkIrY9lfpektEXc,Vevo HQ Indie Mix,UCVrPiUtl29kULN2HIAm244Q,8
PLf1ZR0nYHRJjLW5ZB2B8OGvnu2H1KIeeT,Vevo HQ Indie Mix,UCVrPiUtl29kULN2HIAm244Q,9
PLf1ZR0nYHRJgpDFFZJapdyg8ppm-yGD7q,Vevo HQ Indie Mix,UCVrPiUtl29kULN2HIAm244Q,7
PLf1ZR0nYHRJghuVBaEy7JCDFiwWrMRAoc,Vevo HQ Indie Mix,UCVrPiUtl29kULN2HIAm244Q,9
PLf1ZR0nYHRJhuVyGmtVWiU78mbBKFLAtm,Vevo HQ Indie Mix,UCVrPiUtl29kULN2HIAm244Q,7
PLf1ZR0nYHRJhFLwxgZxxaZxx78d4ol9ya,Vevo HQ Indie Mix,UCVrPiUtl29kULN2HIAm244Q,8
PLf1ZR0nYHRJgCquTudGQ-9ddFb7coCBsJ,Vevo HQ Indie Mix,UCVrPiUtl29kULN2HIAm244Q,6
PLf1ZR0nYHRJjSRXWgXgDt0mwM7PcTg-3k,Vevo HQ Indie Mix,UCVrPiUtl29kULN2HIAm244Q,8
PLf1ZR0nYHRJiC3hWlgXXiMLKpUBZAiK5S,Vevo HQ Indie Mix,UCVrPiUtl29kULN2HIAm244Q,5
PLf1ZR0nYHRJgXhJ14FjuiGOlWJMidiL8N,Vevo HQ Indie Mix,UCVrPiUtl29kULN2HIAm244Q,9
PLf1ZR0nYHRJjiaG8Q8YNm61y2aT1Bs0J-,Vevo HQ Indie Mix,UCVrPiUtl29kULN2HIAm244Q,6
PLf1ZR0nYHRJh7kRWM188MhXGap7ROObA-,Vevo HQ Indie Mix,UCVrPiUtl29kULN2HIAm244Q,5
PLf1ZR0nYHRJhdBcWYXMx9cppsmza8VWzt,Vevo HQ Indie Mix,UCVrPiUtl29kULN2HIAm244Q,5
PLf1ZR0nYHRJh3zCjMfxaPjFByV4VVQ9Uq,Vevo HQ Indie Mix,UCVrPiUtl29kULN2HIAm244Q,6
PLf1ZR0nYHRJjuXjz3zuHHnux6Jyb7otNj,Vevo HQ Indie Mix,UCVrPiUtl29kULN2HIAm244Q,3
PLf1ZR0nYHRJjUzbj5VwhtYA86fDwErCrv,Vevo HQ Indie Mix,UCVrPiUtl29kULN2HIAm244Q,5
PLf1ZR0nYHRJjsxhVBW5y1DXfk7gi2LUzX,Vevo HQ Indie Mix,UCVrPiUtl29kULN2HIAm244Q,5
PLf1ZR0nYHRJiNqqWfW9yk2cQ7lIAV_r62,Vevo HQ Indie Mix,UCVrPiUtl29kULN2HIAm244Q,9
PLf1ZR0nYHRJg1x73pKMojCQZ_cIR35dQZ,Vevo HQ Indie Mix,UCVrPiUtl29kULN2HIAm244Q,3
PLf1ZR0nYHRJjW9zi-mQFkaS1sH14z1BUP,Vevo HQ Indie Mix,UCVrPiUtl29kULN2HIAm244Q,9
PLf1ZR0nYHRJjcgr6t3t62wLBp2XiPsHWS,Vevo HQ Pop Mix,UCVrPiUtl29kULN2HIAm244Q,5
PLf1ZR0nYHRJgvtowRRbIy6AOhtAiF0tPj,Vevo HQ Indie Mix,UCVrPiUtl29kULN2HIAm244Q,9
PLf1ZR0nYHRJiNIXckDXLGrIGN2sv5PE2f,Vevo HQ Indie Mix,UCVrPiUtl29kULN2HIAm244Q,7
PLf1ZR0nYHRJggbw0NkJCXvAh_sGhH0mXK,Vevo HQ Indie Mix,UCVrPiUtl29kULN2HIAm244Q,10
PLf1ZR0nYHRJjh2v5JiVxUJjsgYUgaGU8U,Vevo HQ Indie Mix,UCVrPiUtl29kULN2HIAm244Q,8
PLf1ZR0nYHRJi8fOm77pMZWddRkEGBC5sV,Vevo HQ Indie Mix,UCVrPiUtl29kULN2HIAm244Q,10
PLf1ZR0nYHRJiNvUbjDii8FQ5JxBPhUf5V,Vevo HQ Indie Mix,UCVrPiUtl29kULN2HIAm244Q,6
PLf1ZR0nYHRJgqKPODeJY6UXkCIOUGMe0i,Vevo HQ Indie Mix,UCVrPiUtl29kULN2HIAm244Q,7
PLf1ZR0nYHRJhNyBBkdRi_dpVvaZ9v83fF,Vevo HQ Indie Mix,UCVrPiUtl29kULN2HIAm244Q,5
PLf1ZR0nYHRJjH_4foSmxfCj2UtpzFdR5S,Vevo HQ Indie Mix,UCVrPiUtl29kULN2HIAm244Q,10
PLf1ZR0nYHRJhhLBXONMj5VPVTNHK-8fcu,Vevo HQ Indie Mix,UCVrPiUtl29kULN2HIAm244Q,8
PLf1ZR0nYHRJjWg1XlF_V0JVn12UCX9wci,Vevo HQ Indie Mix,UCVrPiUtl29kULN2HIAm244Q,12
PLf1ZR0nYHRJjMwx6AjBPczb1UW70GuTNy,Vevo HQ Indie Mix,UCVrPiUtl29kULN2HIAm244Q,7
PLf1ZR0nYHRJi_0LnFJz_WrbQIDxaaiGwg,Vevo HQ Indie Mix,UCVrPiUtl29kULN2HIAm244Q,9
PLf1ZR0nYHRJgS_VoenpF_RPb4X2EuEfOK,Vevo HQ Indie Mix,UCVrPiUtl29kULN2HIAm244Q,7
PLf1ZR0nYHRJhCxCUDhgWxMN2I249aKNVx,Vevo HQ Indie Mix,UCVrPiUtl29kULN2HIAm244Q,8
PLf1ZR0nYHRJh35VWpDuETTCtS0YxAg2Cp,Vevo HQ Indie Mix,UCVrPiUtl29kULN2HIAm244Q,8
PLf1ZR0nYHRJh-opkyaoaarsV1Dmscoje_,Vevo HQ Indie Mix,UCVrPiUtl29kULN2HIAm244Q,10
PLf1ZR0nYHRJiL1Zaei-I0kHL_W4bcEmNY,Vevo HQ Indie Mix,UCVrPiUtl29kULN2HIAm244Q,7
PLf1ZR0nYHRJhixQMgQN7dmdUkfKB1Pr0x,Vevo HQ Indie Mix,UCVrPiUtl29kULN2HIAm244Q,9
PLf1ZR0nYHRJhoH3LCsU89-Eoh4BXz9QiJ,Vevo HQ Indie Mix,UCVrPiUtl29kULN2HIAm244Q,9
PLf1ZR0nYHRJgBtUH6vaoVQx6hMEsIA-RD,Vevo HQ Indie Mix,UCVrPiUtl29kULN2HIAm244Q,10
PLf1ZR0nYHRJhb3NbdQczOjkERy03q1ZLy,Vevo HQ Indie Mix,UCVrPiUtl29kULN2HIAm244Q,7
PLf1ZR0nYHRJh5ajZxHrmZE9hpXKW1KsOH,Vevo HQ Indie Mix,UCVrPiUtl29kULN2HIAm244Q,11
PLf1ZR0nYHRJil7IqJvDOWR0zFu6ezYdzS,Vevo HQ Indie Mix,UCVrPiUtl29kULN2HIAm244Q,10
PLf1ZR0nYHRJia6uF7ycWrH97wIKycRudU,Vevo HQ Indie Mix,UCVrPiUtl29kULN2HIAm244Q,10
PLf1ZR0nYHRJj8xreaAMgmBqB-wouRB53A,Vevo HQ Indie Mix,UCVrPiUtl29kULN2HIAm244Q,7
PLf1ZR0nYHRJid3Y1Ztb9gqty-953hnaFd,Vevo HQ Indie Mix,UCVrPiUtl29kULN2HIAm244Q,11
PLf1ZR0nYHRJjiGFsGYWDSlF4MN1mY1Xvn,Vevo HQ Indie Mix,UCVrPiUtl29kULN2HIAm244Q,10
PL4zQ6RXLMCJx4RD3pyzRX4QYFubtCdn_k,Vevo HQ Pop Mix,UCN1hnUccO4FD5WfM7ithXaw,5
PL4zQ6RXLMCJyDWkKowKpcSXCTNJQxK5Ug,Vevo HQ Pop Mix,UCN1hnUccO4FD5WfM7ithXaw,8
PL4zQ6RXLMCJxtWPF7mvxicxmt48mOCHar,Vevo HQ Pop Mix,UCN1hnUccO4FD5WfM7ithXaw,6
PL4zQ6RXLMCJwzngjyaGLRie8b0iHGeoTW,Vevo HQ Pop Mix,UCN1hnUccO4FD5WfM7ithXaw,9
PL4zQ6RXLMCJwEv4rrj-zcilk6SmckTJYE,Vevo HQ Pop Mix,UCN1hnUccO4FD5WfM7ithXaw,7
PL4zQ6RXLMCJyQXgwKHAKdNgCLs3O_khyK,Vevo HQ Pop Mix,UCN1hnUccO4FD5WfM7ithXaw,6
PL4zQ6RXLMCJw8VD0ii2pTR9esf2EIS3mr,Vevo HQ Pop Mix,UCN1hnUccO4FD5WfM7ithXaw,7
PL4zQ6RXLMCJxh0IfoD2QG8CkAKN3ItZea,Vevo HQ Pop Mix,UCN1hnUccO4FD5WfM7ithXaw,9
PL4zQ6RXLMCJwsaLsRJT8Su09Q-OZxcWlO,Vevo HQ Pop Mix,UCN1hnUccO4FD5WfM7ithXaw,10
PL4zQ6RXLMCJywUzSt7TMHfASUOFlgyjGt,Vevo HQ Pop Mix,UCN1hnUccO4FD5WfM7ithXaw,10
PL4zQ6RXLMCJxxnqJZOSG8AVy7BeWSSRfT,Vevo HQ Pop Mix,UCN1hnUccO4FD5WfM7ithXaw,8
PL4zQ6RXLMCJzKO_IzjztuZonaCJmrhZ9h,Vevo HQ Pop Mix,UCN1hnUccO4FD5WfM7ithXaw,6
PL4zQ6RXLMCJwUnH72Ja4FWfl8NXOSd7Rs,Vevo HQ Pop Mix,UCN1hnUccO4FD5WfM7ithXaw,9
PL4zQ6RXLMCJx17OBgDf_oQV7BiB0klM_H,Vevo HQ Pop Mix,UCN1hnUccO4FD5WfM7ithXaw,9
PL4zQ6RXLMCJwZbIJgsEK2xDyZPqeuJhMB,Vevo HQ Pop Mix,UCN1hnUccO4FD5WfM7ithXaw,10
PL4zQ6RXLMCJwROMCp6C8k0OiaS08jNxB5,Vevo HQ Pop Mix,UCN1hnUccO4FD5WfM7ithXaw,10
PL4zQ6RXLMCJybaZNlVPmdHmNiqi6XOj08,Vevo HQ Pop Mix,UCN1hnUccO4FD5WfM7ithXaw,10
PL4zQ6RXLMCJzozgDKM0QCiR7OH3Od9T2s,Vevo HQ Pop Mix,UCN1hnUccO4FD5WfM7ithXaw,11
PL4zQ6RXLMCJyC3Q7UYr-zdLf_7n_NPQKW,Vevo HQ Pop Mix,UCN1hnUccO4FD5WfM7ithXaw,8
PL4zQ6RXLMCJxrowUXjSSaajLiwCsgNZDp,Vevo HQ Pop Mix,UCN1hnUccO4FD5WfM7ithXaw,9
PL4zQ6RXLMCJwYM5kgGhYgcP0mUWgyb5RI,Vevo HQ Pop Mix,UCN1hnUccO4FD5WfM7ithXaw,6
PL4zQ6RXLMCJx7oaWLHZjfwC94z1QUf-WM,Vevo HQ Pop Mix,UCN1hnUccO4FD5WfM7ithXaw,10
PL4zQ6RXLMCJzDyYQHngoacYUmlpu69Qdh,Vevo HQ Pop Mix,UCN1hnUccO4FD5WfM7ithXaw,8
PL4zQ6RXLMCJwqdRYHMSfOmqnq_YClvPIx,Vevo HQ Pop Mix,UCN1hnUccO4FD5WfM7ithXaw,7
PL4zQ6RXLMCJw8wjKc9lG2optp7QYEUizO,Vevo HQ Pop Mix,UCN1hnUccO4FD5WfM7ithXaw,6
PL4zQ6RXLMCJx19wdXJiNW_zqAm235qwyq,Vevo HQ Pop Mix,UCN1hnUccO4FD5WfM7ithXaw,8
PL4zQ6RXLMCJyfBtjGATFJo19W-0vssSkm,Vevo HQ Pop Mix,UCN1hnUccO4FD5WfM7ithXaw,8
PL4zQ6RXLMCJyxrXIGWQIrPUhLRdrlqLnh,Vevo HQ Pop Mix,UCN1hnUccO4FD5WfM7ithXaw,9
PL4zQ6RXLMCJxrio1BU-Wl9ZcgEIdSyPjq,Vevo HQ Pop Mix,UCN1hnUccO4FD5WfM7ithXaw,10
PL4zQ6RXLMCJxOLSKQ-BzmRZ2HSvrMbzdu,Vevo HQ Pop Mix,UCN1hnUccO4FD5WfM7ithXaw,5
PL4zQ6RXLMCJylsXBvK6-FwHa7FxeV2tNF,Vevo HQ Pop Mix,UCN1hnUccO4FD5WfM7ithXaw,7
PL4zQ6RXLMCJwDcIcjN-rUjfGPB-VtPvtU,Vevo HQ Pop Mix,UCN1hnUccO4FD5WfM7ithXaw,8
PL4zQ6RXLMCJyK9FTnUovkzo3fsNxpwDHl,Vevo HQ Pop Mix,UCN1hnUccO4FD5WfM7ithXaw,5
PL4zQ6RXLMCJzCl0W3NBo8yLNJQ8-8XCVG,Vevo HQ Pop Mix,UCN1hnUccO4FD5WfM7ithXaw,10
PL4zQ6RXLMCJy1cN58aidwqubz_1LHA6WD,Vevo HQ Pop Mix,UCN1hnUccO4FD5WfM7ithXaw,7
PL4zQ6RXLMCJynruchDy48_kJOO1-r-Dec,Vevo HQ Pop Mix,UCN1hnUccO4FD5WfM7ithXaw,8
PL4zQ6RXLMCJxAYNkigHyLY7Gi8HGA1f2Y,Vevo HQ Pop Mix,UCN1hnUccO4FD5WfM7ithXaw,7
PL4zQ6RXLMCJyTOi2UowDrpH2_9WJo7JFn,Vevo HQ Pop Mix,UCN1hnUccO4FD5WfM7ithXaw,8
PL4zQ6RXLMCJyWUFjXC-793ioixA8BAbM_,Vevo HQ Pop Mix,UCN1hnUccO4FD5WfM7ithXaw,7
PL4zQ6RXLMCJySfKxNyRR49iZJUn18Y4mF,Vevo HQ Pop Mix,UCN1hnUccO4FD5WfM7ithXaw,9
PL4zQ6RXLMCJwnPsJXRWyXdwaN6Mylp826,Vevo HQ Pop Mix,UCN1hnUccO4FD5WfM7ithXaw,8
PL4zQ6RXLMCJwfh3kz3paJbQGhhqw6Ehxh,Vevo HQ Pop Mix,UCN1hnUccO4FD5WfM7ithXaw,10
PL4zQ6RXLMCJxLQV2KEjoFbmbMW4McY9S7,Vevo HQ Pop Mix,UCN1hnUccO4FD5WfM7ithXaw,13
PL4zQ6RXLMCJwMpVOlTIGfxlDc3w4CvcXI,Vevo HQ Pop Mix,UCN1hnUccO4FD5WfM7ithXaw,11
PL4zQ6RXLMCJz2AHVYADdOgwtQmSVwxBsW,Vevo HQ Pop Mix,UCN1hnUccO4FD5WfM7ithXaw,11
PL4zQ6RXLMCJyGeJboiqroZ0Zmm2pZ1ubn,Vevo HQ Pop Mix,UCN1hnUccO4FD5WfM7ithXaw,10
PL4zQ6RXLMCJxyF4Gv-78zTaBPZHTRHQLc,Super Fan Showdown (#VevoSFS),UCN1hnUccO4FD5WfM7ithXaw,3
PL4zQ6RXLMCJw2UVEBLS9gkx_SdSDcg4Df,Vevo HQ Pop Mix,UCN1hnUccO4FD5WfM7ithXaw,7
PL4zQ6RXLMCJxRYaQt5Ax5zVARROrVWK2i,Vevo HQ Pop Mix,UCN1hnUccO4FD5WfM7ithXaw,9
PL4zQ6RXLMCJy-iiaTe5GL5SRZhGgGGRSG,Vevo HQ Pop Mix,UCN1hnUccO4FD5WfM7ithXaw,5
PLRgSHCeagEV6Ptvt3E5gYNIZ6uqZvZ-tA,VEVO HQ Urban Mix,UC20vb-R_px4CguHzzBPhoyQ,6
PLRgSHCeagEV6OTbI31Zmdu0y6Tv4AM7m2,VEVO HQ Urban Mix,UC20vb-R_px4CguHzzBPhoyQ,5
PLRgSHCeagEV782tXRkS5yRXBRIWena3Sc,VEVO HQ Urban Mix,UC20vb-R_px4CguHzzBPhoyQ,6
PLRgSHCeagEV66rCmR8M4Sd7ytuJcsnXma,VEVO Urban Mix,UC20vb-R_px4CguHzzBPhoyQ,4
PLRgSHCeagEV5Gx6_PbU2nL41-Uwiz7eja,VEVO Urban Mix,UC20vb-R_px4CguHzzBPhoyQ,5
PLRgSHCeagEV6BtdIzoRGqWfBSaJZEaULv,VEVO Urban Mix,UC20vb-R_px4CguHzzBPhoyQ,5
PLRgSHCeagEV6HB59jM4sF0uS5Z0cGz5db,VEVO - Rap,UC20vb-R_px4CguHzzBPhoyQ,5
PL0B402127B7779C49,Mind Your Manners,UC20vb-R_px4CguHzzBPhoyQ,5
PL3154DAED24D927AB,Hot This Week: Feb 24th,UC20vb-R_px4CguHzzBPhoyQ,5
PLCCD58A635E702D83,Bang Boogie,UC20vb-R_px4CguHzzBPhoyQ,5
PLCA83C890BC494811,Affairs Of The Heart,UC20vb-R_px4CguHzzBPhoyQ,5
PL65D462F3B8EF81D1,Why Stop Now,UC20vb-R_px4CguHzzBPhoyQ,5
PL1E196754A3A738DF,Supa Fresh,UC20vb-R_px4CguHzzBPhoyQ,4
PLBED7CC6788B56FB1,Rockstars,UC20vb-R_px4CguHzzBPhoyQ,5
PLDDE697A000F3C031,Unusual,UC20vb-R_px4CguHzzBPhoyQ,5
PL1895831564466A8C,Top 5 - Rap,UC20vb-R_px4CguHzzBPhoyQ,5
PL4D7394D192796CED,Let's Roll,UC20vb-R_px4CguHzzBPhoyQ,5
PL0E5BB82DF0DD7626,Imagine That,UC20vb-R_px4CguHzzBPhoyQ,5
PLC95C1A6A7BACA5D4,Record Breakers,UC20vb-R_px4CguHzzBPhoyQ,5
PLD24E3A21B6F9B17D,Hip-Hop Flavor,UC20vb-R_px4CguHzzBPhoyQ,5
PLD4F809D065A8C288,About To Blow Up!,UC20vb-R_px4CguHzzBPhoyQ,5
PL6DF8E65AFF292C01,Common Knowledge,UC20vb-R_px4CguHzzBPhoyQ,5
PL5D58558593E9BFE4,The Blend,UC20vb-R_px4CguHzzBPhoyQ,4
PL7E766F1D6FA27782,It's 5 O'Clock Somewhere,UC20vb-R_px4CguHzzBPhoyQ,5
PL0B7F7B8277310CAC,International Love,UC20vb-R_px4CguHzzBPhoyQ,5
PLFFFB14D916DA060F,Everywhere We Go,UC20vb-R_px4CguHzzBPhoyQ,7
PL97D77CD409AF13C3,A Right Time,UC20vb-R_px4CguHzzBPhoyQ,5
PL23ECD2E8C3781076,WIld Boy,UC20vb-R_px4CguHzzBPhoyQ,5
PL66CA574C7F80A2CF,4Ever Ever,UC20vb-R_px4CguHzzBPhoyQ,5
PL23409C1789A44343,Take Care,UC20vb-R_px4CguHzzBPhoyQ,5
PL15F42966682E1955,Bonfire,UC20vb-R_px4CguHzzBPhoyQ,5
PL942F3586BD852A6D,All Of That.,UC20vb-R_px4CguHzzBPhoyQ,5
PLC770103A2E1356B0,The Future,UC20vb-R_px4CguHzzBPhoyQ,5
PLDA31456BBE0A6EC4,Above The Rim,UC20vb-R_px4CguHzzBPhoyQ,5
PLEDB444147A8DC882,Eso Es,UC20vb-R_px4CguHzzBPhoyQ,5
PL6DE649AD084A1166,Lost Ones,UC20vb-R_px4CguHzzBPhoyQ,5
PLDC80DBF9BD499369,Witnessed,UC20vb-R_px4CguHzzBPhoyQ,5
PL40694265CC3C3391,Microphone Check,UC20vb-R_px4CguHzzBPhoyQ,5
PL8C3A0C0A7BDC9442,Rock The Party...,UC20vb-R_px4CguHzzBPhoyQ,5
PL964A6A6F5131DFEC,"Old School, New School",UC20vb-R_px4CguHzzBPhoyQ,5
PL6545121785A346C1,Over The Top,UC20vb-R_px4CguHzzBPhoyQ,4
PLD0FDA3B6B3D14D86,Turned Up!,UC20vb-R_px4CguHzzBPhoyQ,5
PL51FC6A56D6B11527,Sideline Story,UC20vb-R_px4CguHzzBPhoyQ,5
PLB96D541D5699696C,The Big Time,UC20vb-R_px4CguHzzBPhoyQ,5
PL88405D783620490D,In The Zone,UC20vb-R_px4CguHzzBPhoyQ,5
PL0F6655ED9D4EA3A9,Video Premieres: Hip-Hop.,UC20vb-R_px4CguHzzBPhoyQ,5
PLCC8291E6ED61CDF4,Video Premieres: Hip-Hop,UC20vb-R_px4CguHzzBPhoyQ,5
PLC55F17C89F31688F,Yeezy!.,UC20vb-R_px4CguHzzBPhoyQ,5
PLA60F7E98C4287FB8,Yeezy!,UC20vb-R_px4CguHzzBPhoyQ,5
PL9Rv1ebxZqCztp-p_g1B8RoWZfx7d1Is5,Vevo HQ Pop Mix,UC2xskkQVFEpLcGFnNSLQY0A,5
PL9Rv1ebxZqCwG-vePMj9O784t7PEk5EiY,Vevo HQ Pop Mix,UC2xskkQVFEpLcGFnNSLQY0A,8
PL9Rv1ebxZqCyTVY91hC1-V4-3oMA2GNOs,Vevo HQ Pop Mix,UC2xskkQVFEpLcGFnNSLQY0A,6
PL9Rv1ebxZqCw5sL2dF_ccrJVCDhvRDf7e,Vevo HQ Pop Mix,UC2xskkQVFEpLcGFnNSLQY0A,9
PL9Rv1ebxZqCwqTtWMMpTsTYacpi0qdyFK,Vevo HQ Pop Mix,UC2xskkQVFEpLcGFnNSLQY0A,7
PL9Rv1ebxZqCyvqiwSNorCxJcMZZdNXQv4,Vevo HQ Pop Mix,UC2xskkQVFEpLcGFnNSLQY0A,6
PL9Rv1ebxZqCxjkN7fagNKhER8edfOTioa,Vevo HQ Pop Mix,UC2xskkQVFEpLcGFnNSLQY0A,7
PL9Rv1ebxZqCxtO80dPLDCb_faOU4BR4A8,Vevo HQ Pop Mix,UC2xskkQVFEpLcGFnNSLQY0A,9
PL9Rv1ebxZqCzmlQm3ZdbLs9596npjdB0a,Vevo HQ Pop Mix,UC2xskkQVFEpLcGFnNSLQY0A,10
PL9Rv1ebxZqCx_D2K-0GdFyOe8VZYKOXwU,Vevo HQ Pop Mix,UC2xskkQVFEpLcGFnNSLQY0A,10
PL9Rv1ebxZqCwZfVRkOoeawfywaqS5Nody,Vevo HQ Pop Mix,UC2xskkQVFEpLcGFnNSLQY0A,8
PL9Rv1ebxZqCw9ops9r2vAXUk0RYrFNE42,Vevo HQ Pop Mix,UC2xskkQVFEpLcGFnNSLQY0A,6
PL9Rv1ebxZqCzdj4GDe8Go7GV4w-jSCalQ,Vevo HQ Pop Mix,UC2xskkQVFEpLcGFnNSLQY0A,9
PL9Rv1ebxZqCzwcyj6oQyb160l3Rmn2uQb,Vevo HQ Pop Mix,UC2xskkQVFEpLcGFnNSLQY0A,10
PL9Rv1ebxZqCxb5fm1YwqfGwtNufq5-afW,Vevo HQ Pop Mix,UC2xskkQVFEpLcGFnNSLQY0A,10
PL9Rv1ebxZqCzsrxfk8gdj_N9tIZa-QbzN,Vevo HQ Pop Mix,UC2xskkQVFEpLcGFnNSLQY0A,9
PL9Rv1ebxZqCzj5Km8ojjZu3zoKeIAb-n9,Vevo HQ Pop Mix,UC2xskkQVFEpLcGFnNSLQY0A,9
PL9Rv1ebxZqCw6mc7ABS5pcIIiUwKXkBxM,Vevo HQ Pop Mix,UC2xskkQVFEpLcGFnNSLQY0A,11
PL9Rv1ebxZqCxfYKhjpHVd_jfgxPBADQu7,Vevo HQ Pop Mix,UC2xskkQVFEpLcGFnNSLQY0A,8
PL9Rv1ebxZqCyoezlZ1E-QNZCHBM3aGDOM,Vevo HQ Pop Mix,UC2xskkQVFEpLcGFnNSLQY0A,9
PL9Rv1ebxZqCyMg9dFHa8Dk9teHcemWR7l,Vevo HQ Pop Mix,UC2xskkQVFEpLcGFnNSLQY0A,6
PL9Rv1ebxZqCxwnCu6ITAJryj0Lt5tpIik,Vevo HQ Pop Mix,UC2xskkQVFEpLcGFnNSLQY0A,9
PL9Rv1ebxZqCwoZJ1H28LAQLz04PSnxge8,Vevo HQ Pop Mix,UC2xskkQVFEpLcGFnNSLQY0A,8
PL9Rv1ebxZqCzchIElRRJfyDW33Q3SAbUE,VVV ft. Rihanna,UC2xskkQVFEpLcGFnNSLQY0A,2
PL9Rv1ebxZqCz16KMLYYd7pA5ghg31KYwr,Vevo HQ Pop Mix,UC2xskkQVFEpLcGFnNSLQY0A,7
PL9Rv1ebxZqCw-KJcRhTW_awh_5sIlL-Mf,Vevo HQ Pop Mix,UC2xskkQVFEpLcGFnNSLQY0A,8
PL9Rv1ebxZqCzRpBd3gW2GQiEtB5X9AZve,Vevo HQ Pop Mix,UC2xskkQVFEpLcGFnNSLQY0A,8
PL9Rv1ebxZqCz79kBbFLIk3dVBze-452Fp,Vevo HQ Pop Mix,UC2xskkQVFEpLcGFnNSLQY0A,8
PL9Rv1ebxZqCyeQkYlXQWMMYFEWMvxCotj,Vevo HQ Pop Mix,UC2xskkQVFEpLcGFnNSLQY0A,9
PL9Rv1ebxZqCxrA9E822WRVL7c9oGQSxGl,Vevo HQ Pop Mix,UC2xskkQVFEpLcGFnNSLQY0A,10
PL9Rv1ebxZqCxn9l2aMoYYgB_hJ31vAqWE,Vevo HQ Pop Mix,UC2xskkQVFEpLcGFnNSLQY0A,5
PL9Rv1ebxZqCxYOXaycWuRT8EGjAG5j84k,Vevo HQ Pop Mix,UC2xskkQVFEpLcGFnNSLQY0A,7
PL9Rv1ebxZqCy9EYsmDjdshFvqhhXCKRqJ,Vevo HQ Pop Mix,UC2xskkQVFEpLcGFnNSLQY0A,8
PL9Rv1ebxZqCyIhGxEi88NLIOLfrwfUmBs,Vevo HQ Pop Mix,UC2xskkQVFEpLcGFnNSLQY0A,5
PL9Rv1ebxZqCz1lnvpAzEcW8VAH8BCbN7Z,VVV ft. Rihanna,UC2xskkQVFEpLcGFnNSLQY0A,2
PL9Rv1ebxZqCwNKBrTwGy1kh2Oi4TxWY27,Vevo HQ Pop Mix,UC2xskkQVFEpLcGFnNSLQY0A,10
PL9Rv1ebxZqCw_YfGaq7th2rQkC6K8kMzb,Vevo HQ Pop Mix,UC2xskkQVFEpLcGFnNSLQY0A,7
PL9Rv1ebxZqCy91LANofvjkpzledaj98OY,Vevo HQ Pop Mix,UC2xskkQVFEpLcGFnNSLQY0A,7
PL9Rv1ebxZqCwXI5LXaCVtNUVjjl4n4VB-,Vevo HQ Pop Mix,UC2xskkQVFEpLcGFnNSLQY0A,7
PL9Rv1ebxZqCw76bJR4uqkMTOeI92JhbpE,Vevo HQ Pop Mix,UC2xskkQVFEpLcGFnNSLQY0A,9
PL9Rv1ebxZqCwVe4_fhY3xFoSzmsuttLRK,Vevo HQ Pop Mix,UC2xskkQVFEpLcGFnNSLQY0A,7
PL9Rv1ebxZqCyr05ymDvpKud7OYkJ2D6sZ,Vevo HQ Pop Mix,UC2xskkQVFEpLcGFnNSLQY0A,9
PL9Rv1ebxZqCz1hWj-SjKz17C6R0d0XBZ1,Vevo HQ Pop Mix,UC2xskkQVFEpLcGFnNSLQY0A,8
PL9Rv1ebxZqCwZg1kPnLTncgIUC8Y7AaQm,Vevo HQ Pop Mix,UC2xskkQVFEpLcGFnNSLQY0A,10
PL9Rv1ebxZqCzTjMnv7_4vWZTelLlJg72H,Vevo HQ Pop Mix,UC2xskkQVFEpLcGFnNSLQY0A,13
PL9Rv1ebxZqCzFvEbCZkkWz9BC7Ct-cEN1,Vevo HQ Pop Mix,UC2xskkQVFEpLcGFnNSLQY0A,11
PL9Rv1ebxZqCz7psmCMQNexryuv4cY90AB,Vevo HQ Pop Mix,UC2xskkQVFEpLcGFnNSLQY0A,11
PL9Rv1ebxZqCy1A6RCQsTQjWBUvBhpWvol,Vevo HQ Pop Mix,UC2xskkQVFEpLcGFnNSLQY0A,9
PL9Rv1ebxZqCz1AgpRMm2FthQNUHLi-wFs,Vevo HQ Pop Mix,UC2xskkQVFEpLcGFnNSLQY0A,8
PL9Rv1ebxZqCwl8I6DRXy8b6j1ukzIOqRL,Vevo HQ Pop Mix,UC2xskkQVFEpLcGFnNSLQY0A,10
PL_lpqod1M-_Sx0t4gIW_RcOwHQgvMm1vl,Fairy Dust,UC0sVahwZgKFHjOBaxvm-a7Q,6
PL_lpqod1M-_STqGjrSP-Ia2eYMkH7RcAn,Cool Girls,UC0sVahwZgKFHjOBaxvm-a7Q,12
PL_lpqod1M-_QA8vF70e_Ou1Si-8QElUgx,Pillow Talk,UC0sVahwZgKFHjOBaxvm-a7Q,7
PL_lpqod1M-_QvCZs0v4hBGkTO-_pQgi0Y,Moments - The Remixes,UC0sVahwZgKFHjOBaxvm-a7Q,3
PL_lpqod1M-_SHZoKYTnCKZcpN1MS66-qN,VVV ft. Tove Lo,UC0sVahwZgKFHjOBaxvm-a7Q,1
PL_lpqod1M-_SFdLYQXq4aVCNaR_yIophN,Videos I love,UC0sVahwZgKFHjOBaxvm-a7Q,9
PL_lpqod1M-_RHx8NPZTXm7k2ECtcDASFY,Features / Written by Tove,UC0sVahwZgKFHjOBaxvm-a7Q,17
PL_lpqod1M-_RisB6O_wVJcAXl-DRHd0P7,Tove Lo ��� LIVE,UC0sVahwZgKFHjOBaxvm-a7Q,15
FL0sVahwZgKFHjOBaxvm-a7Q,Favorites,UC0sVahwZgKFHjOBaxvm-a7Q,1
PLf3bBqxxMFDlpdiuEa9bN-W0kiUpH1_1w,Vevo HQ Pop Mix,UCtKuVNj4wVrZvTfxPxAUHcQ,7
PLf3bBqxxMFDlT6o-fFimEGB1N9-pSRHb4,Vevo HQ Pop Mix,UCtKuVNj4wVrZvTfxPxAUHcQ,6
PLf3bBqxxMFDkIE3Jg-uE8lZQ58IkaqFbt,Vevo HQ Pop Mix,UCtKuVNj4wVrZvTfxPxAUHcQ,6
PLf3bBqxxMFDmQ9D8brVeNM8HcqERngfBY,Vevo HQ Pop Mix,UCtKuVNj4wVrZvTfxPxAUHcQ,5
PLf3bBqxxMFDlTXbPBNk3xNs-_41Y_tXeH,Vevo HQ Pop Mix,UCtKuVNj4wVrZvTfxPxAUHcQ,5
PLf3bBqxxMFDlSJX8tDaWhaOjFt-xSuX-T,Vevo HQ Pop Mix,UCtKuVNj4wVrZvTfxPxAUHcQ,5
PLf3bBqxxMFDnEwEp6S_BAxBjEGwJ1v-1Y,Vevo HQ Pop Mix,UCtKuVNj4wVrZvTfxPxAUHcQ,6
PLf3bBqxxMFDmPHBq9KuV9GSw90eme60Ps,Vevo HQ Pop Mix,UCtKuVNj4wVrZvTfxPxAUHcQ,5
PLf3bBqxxMFDmxBVVPAQX43jyskIemPIm9,Vevo HQ Pop Mix,UCtKuVNj4wVrZvTfxPxAUHcQ,5
PLf3bBqxxMFDlRg9Ucmucw3jYGRxBwNrOQ,Vevo HQ Pop Mix,UCtKuVNj4wVrZvTfxPxAUHcQ,5
PLf3bBqxxMFDlGz4IOGKmTbs4I8s1utLtN,Vevo HQ Pop Mix,UCtKuVNj4wVrZvTfxPxAUHcQ,6
PLf3bBqxxMFDkiIcJkKc9gvBIWmIQhqIft,Vevo HQ Pop Mix,UCtKuVNj4wVrZvTfxPxAUHcQ,5
PLf3bBqxxMFDlXTNVbrGdLnS7U6XoAzk7w,Vevo HQ Pop Mix,UCtKuVNj4wVrZvTfxPxAUHcQ,5
PLf3bBqxxMFDkiguRGs7LZbklfglUGs2jh,Vevo HQ Pop Mix,UCtKuVNj4wVrZvTfxPxAUHcQ,4
PLf3bBqxxMFDkSp8cpGHpG-BIJpFD2SG5G,Vevo HQ Pop Mix,UCtKuVNj4wVrZvTfxPxAUHcQ,5
PLf3bBqxxMFDnsmgk10kklfV5XjK262itx,Vevo HQ Pop Mix,UCtKuVNj4wVrZvTfxPxAUHcQ,9
PLf3bBqxxMFDlAigRgzxgcl7uYabE-itmC,Vevo HQ Pop Mix,UCtKuVNj4wVrZvTfxPxAUHcQ,9
PLf3bBqxxMFDl1YiEqgmziy9d6kOlFvfkn,Vevo HQ Pop Mix,UCtKuVNj4wVrZvTfxPxAUHcQ,8
PLf3bBqxxMFDnC54BZM6jmWky3uAUbPrEB,Vevo HQ Pop Mix,UCtKuVNj4wVrZvTfxPxAUHcQ,7
PLf3bBqxxMFDkUOkZUus8Xgd16WC7sfryp,Vevo HQ Pop Mix,UCtKuVNj4wVrZvTfxPxAUHcQ,10
PLf3bBqxxMFDnKDk65pVF1OOUxr7Tt2DeI,Vevo HQ Pop Mix,UCtKuVNj4wVrZvTfxPxAUHcQ,11
PLf3bBqxxMFDkV01QxiCUOi9Nvmmh9bxFM,Vevo HQ Pop Mix,UCtKuVNj4wVrZvTfxPxAUHcQ,10
PLf3bBqxxMFDnT2SG4ConXpyG7eofbwH-h,Vevo HQ Pop Mix,UCtKuVNj4wVrZvTfxPxAUHcQ,8
PLf3bBqxxMFDnAXNVpM7fbLnIvRaqtfCEo,Vevo HQ Pop Mix,UCtKuVNj4wVrZvTfxPxAUHcQ,10
PLf3bBqxxMFDnjWKnbu-mvP4RiZwWaXd21,Vevo HQ Pop Mix,UCtKuVNj4wVrZvTfxPxAUHcQ,13
PLf3bBqxxMFDn4UfEdZT1fPLmMekPqQkMR,Vevo HQ Pop Mix,UCtKuVNj4wVrZvTfxPxAUHcQ,13
PLf3bBqxxMFDmxC4FwhjU3B0G-FTemRh5-,Vevo HQ Pop Mix,UCtKuVNj4wVrZvTfxPxAUHcQ,10
PLf3bBqxxMFDn1xoCF4I1dBD3Ec9j9Rzeo,Vevo HQ Pop Mix,UCtKuVNj4wVrZvTfxPxAUHcQ,11
PLf3bBqxxMFDl62qq7SQXPSibmjwIjv66L,Vevo HQ Pop Mix,UCtKuVNj4wVrZvTfxPxAUHcQ,10
PLf3bBqxxMFDnhRdQwJUocj2nAHU6IUmt7,Vevo HQ Pop Mix,UCtKuVNj4wVrZvTfxPxAUHcQ,9
PLf3bBqxxMFDlCVVRd3ouNrVEIcLnbRB8_,Vevo HQ Pop Mix,UCtKuVNj4wVrZvTfxPxAUHcQ,9
PLf3bBqxxMFDmT79xYBYKft2DjvcXdFszt,Vevo HQ Pop Mix,UCtKuVNj4wVrZvTfxPxAUHcQ,8
PLf3bBqxxMFDlu1yAu9XiGfSeNX4CsTivE,Vevo HQ Pop Mix,UCtKuVNj4wVrZvTfxPxAUHcQ,10
PLf3bBqxxMFDnVsfdbrXQbrcpm4vn7nL5n,Vevo HQ Pop Mix,UCtKuVNj4wVrZvTfxPxAUHcQ,10
PLf3bBqxxMFDlAglLktef-Fb8e9nN9RQkU,Vevo HQ Pop Mix,UCtKuVNj4wVrZvTfxPxAUHcQ,10
PLf3bBqxxMFDn5DdkFJEtihQVviwLnJFW4,Vevo HQ Pop Mix,UCtKuVNj4wVrZvTfxPxAUHcQ,5
PLf3bBqxxMFDkKKH07TwLpiiXGSRDe576T,Vevo HQ Pop Mix,UCtKuVNj4wVrZvTfxPxAUHcQ,7
PLf3bBqxxMFDkZ_s5k_MiobfmDzuASPWLJ,Vevo HQ Pop Mix,UCtKuVNj4wVrZvTfxPxAUHcQ,6
PLf3bBqxxMFDlTz7nMNCWld-qMc7p1SyB0,Vevo HQ Pop Mix,UCtKuVNj4wVrZvTfxPxAUHcQ,6
PLf3bBqxxMFDl67cre2q9vqVhN44QSBJst,Vevo HQ Pop Mix,UCtKuVNj4wVrZvTfxPxAUHcQ,8
PLf3bBqxxMFDkctvfn4KbZ6Hrw4BY6P5fh,Vevo HQ Pop Mix,UCtKuVNj4wVrZvTfxPxAUHcQ,6
PLf3bBqxxMFDkIyqTMNXjZFlqXrsmxvCnD,Vevo HQ Pop Mix,UCtKuVNj4wVrZvTfxPxAUHcQ,10
PLf3bBqxxMFDmJz7GoRwdHTKwuijZ5oQVN,Vevo HQ Pop Mix,UCtKuVNj4wVrZvTfxPxAUHcQ,9
PLf3bBqxxMFDmkB4t5zJcaA4cO47K-vgu9,Vevo HQ Pop Mix,UCtKuVNj4wVrZvTfxPxAUHcQ,9
PLf3bBqxxMFDkvBgXESHylGXbuWo9xeFwo,Vevo HQ Pop Mix,UCtKuVNj4wVrZvTfxPxAUHcQ,9
PLf3bBqxxMFDlN0uregMFTa1jcqpuzEk2u,Vevo HQ Pop Mix,UCtKuVNj4wVrZvTfxPxAUHcQ,12
PLf3bBqxxMFDmfvWENHKWSMJ-YvdoUBZjj,Vevo HQ Pop Mix,UCtKuVNj4wVrZvTfxPxAUHcQ,8
PLf3bBqxxMFDmDH9WxxdllN-hXMWOfioG7,Vevo HQ Pop Mix,UCtKuVNj4wVrZvTfxPxAUHcQ,9
PLf3bBqxxMFDkBFC8L2K3dXkRxQFMeVUb-,Vevo HQ Pop Mix,UCtKuVNj4wVrZvTfxPxAUHcQ,6
PLf3bBqxxMFDn8sPzaPnJ1S9pOoEnniHCC,Vevo HQ Pop Mix,UCtKuVNj4wVrZvTfxPxAUHcQ,7
FLMzwvBbnor2C7oetD14r6YA,Favorites,UCMzwvBbnor2C7oetD14r6YA,2
PL40B36942EB9A9F9E,Music Sensations,UCMzwvBbnor2C7oetD14r6YA,5
PLF6F8A1726E4CCF9C,It's Not About The Money,UCMzwvBbnor2C7oetD14r6YA,5
PLFAF0841F304767DD,The Best of Live on Letterman,UCMzwvBbnor2C7oetD14r6YA,6
PLbQ3Aya0VERBQQ8xGIklnod1bwlLql6G0,Pratidhwani Kashish 2012,UCVTkOMUhDeCMRWkCETrgfug,18
PLbQ3Aya0VERDoDdbMogU9EASJGWris9qG,Graduate Course in Artificial Intelligence,UCVTkOMUhDeCMRWkCETrgfug,16
PL89076775DF034ED0,Tumsa Nahin Dekha,UCVTkOMUhDeCMRWkCETrgfug,18
PL59034FA6A1DD26A0,Rang De Basanti,UCVTkOMUhDeCMRWkCETrgfug,21
PL518BE853F41B4D3F,Pt. Sudhindra Bhaumik - Raag Marwa,UCVTkOMUhDeCMRWkCETrgfug,5
PLBD1CEDA1B70B4C99,Timeless Melodies,UCVTkOMUhDeCMRWkCETrgfug,13
FLtGsfvj155zp8maBFng9hHg,Favorites,UCtGsfvj155zp8maBFng9hHg,1
PLxZ7DCJGfJF8wstsaBh_ZkBdBgd7PjaQo,Vevo HQ Indie Mix,UC3N5y6UWKJaKqoU2b_0MfTQ,5
PLxZ7DCJGfJF_actJZvWgUF19PNwNE5WcC,Vevo HQ Indie Mix,UC3N5y6UWKJaKqoU2b_0MfTQ,8
PLxZ7DCJGfJF-0QW0yQdlYytDJ2zAiWLD2,Vevo HQ Indie Mix,UC3N5y6UWKJaKqoU2b_0MfTQ,9
PLxZ7DCJGfJF9CKNtYDClzQbSl6OrSE788,Vevo HQ Indie Mix,UC3N5y6UWKJaKqoU2b_0MfTQ,7
PLxZ7DCJGfJF-kN9P-Jgza6iVKGW6gj63J,Vevo HQ Indie Mix,UC3N5y6UWKJaKqoU2b_0MfTQ,9
PLxZ7DCJGfJF_LdjTcpfc4BujkBpHAym6g,Vevo HQ Indie Mix,UC3N5y6UWKJaKqoU2b_0MfTQ,7
PLxZ7DCJGfJF_BCJiDg6wXHkqtN2a4Tki6,Vevo HQ Indie Mix,UC3N5y6UWKJaKqoU2b_0MfTQ,8
PLxZ7DCJGfJF_lhCJskBlSwc16wJEo0Apf,Vevo HQ Indie Mix,UC3N5y6UWKJaKqoU2b_0MfTQ,6
PLxZ7DCJGfJF8RVUQdCUudu71BxSHMa8K6,Vevo HQ Indie Mix,UC3N5y6UWKJaKqoU2b_0MfTQ,8
PLxZ7DCJGfJF_jhhrY8ZohjmlrvGciIsxg,Vevo HQ Indie Mix,UC3N5y6UWKJaKqoU2b_0MfTQ,5
PLxZ7DCJGfJF8KQV4a56N_7tDloLOUgMKQ,Vevo HQ Indie Mix,UC3N5y6UWKJaKqoU2b_0MfTQ,9
PLxZ7DCJGfJF91YiJhnOgmolGZDBNZTcA3,Vevo HQ Indie Mix,UC3N5y6UWKJaKqoU2b_0MfTQ,6
PLxZ7DCJGfJF9Y4Th4Jz-Ufi0k3C6gSrXy,Vevo HQ Indie Mix,UC3N5y6UWKJaKqoU2b_0MfTQ,5
PLxZ7DCJGfJF_ju6-xmvGpb7znPf66YwdP,Vevo HQ Indie Mix,UC3N5y6UWKJaKqoU2b_0MfTQ,5
PLxZ7DCJGfJF-iIdtGDE0EySKHVql2W8cB,Vevo HQ Indie Mix,UC3N5y6UWKJaKqoU2b_0MfTQ,6
PLxZ7DCJGfJF9Q3M-7rS1PrQxfBsxntPCx,Vevo HQ Indie Mix,UC3N5y6UWKJaKqoU2b_0MfTQ,3
PLxZ7DCJGfJF84S-C01WhsjPAq1VOThPQU,Vevo HQ Indie Mix,UC3N5y6UWKJaKqoU2b_0MfTQ,5
PLxZ7DCJGfJF_V82juP5PYlyqWf540ygxj,Vevo HQ Indie Mix,UC3N5y6UWKJaKqoU2b_0MfTQ,5
PLxZ7DCJGfJF-R7K0aK4rgOBIytU2hJPur,Vevo HQ Indie Mix,UC3N5y6UWKJaKqoU2b_0MfTQ,9
PLxZ7DCJGfJF-8WpYCP-l0weNqrEVWTBgm,Vevo HQ Indie Mix,UC3N5y6UWKJaKqoU2b_0MfTQ,3
PLxZ7DCJGfJF9y5tSWNkwefAtPwc8sHOlg,Vevo HQ Indie Mix,UC3N5y6UWKJaKqoU2b_0MfTQ,9
PLxZ7DCJGfJF9TeRO45AzdwO6u39eSmGPN,Vevo HQ Pop Mix,UC3N5y6UWKJaKqoU2b_0MfTQ,5
PLxZ7DCJGfJF-DFCZsYzx_mQVxpodu0ybs,Vevo HQ Indie Mix,UC3N5y6UWKJaKqoU2b_0MfTQ,9
PLxZ7DCJGfJF_kazplJ5Emjm8BgAl4-FiU,Vevo HQ Indie Mix,UC3N5y6UWKJaKqoU2b_0MfTQ,7
PLxZ7DCJGfJF8IS-5O2PL2V9G65wTsv7LD,Vevo HQ Indie Mix,UC3N5y6UWKJaKqoU2b_0MfTQ,10
PLxZ7DCJGfJF-ZmT6nhonE_P2vq5jejGWj,Vevo HQ Indie Mix,UC3N5y6UWKJaKqoU2b_0MfTQ,8
PLxZ7DCJGfJF-HJYkuPehP29bQlVVxRRdk,Vevo HQ Indie Mix,UC3N5y6UWKJaKqoU2b_0MfTQ,10
PLxZ7DCJGfJF9EiNfl7Zj-QhLHAtAl8RIJ,Vevo HQ Indie Mix,UC3N5y6UWKJaKqoU2b_0MfTQ,6
PLxZ7DCJGfJF8X9NjDL9At6g6ZyNpuJIIs,Vevo HQ Indie Mix,UC3N5y6UWKJaKqoU2b_0MfTQ,7
PLxZ7DCJGfJF-S_4XgokxljYcRgSuHvc29,Vevo HQ Indie Mix,UC3N5y6UWKJaKqoU2b_0MfTQ,5
PLxZ7DCJGfJF99PWaqZXoHni7D6rTZGhrB,Vevo HQ Indie Mix,UC3N5y6UWKJaKqoU2b_0MfTQ,10
PLxZ7DCJGfJF9II-e3NHvE8O0p0MQt16Jr,Vevo HQ Indie Mix,UC3N5y6UWKJaKqoU2b_0MfTQ,8
PLxZ7DCJGfJF99DXLAeMwmd3BbOUUBhnwe,Vevo HQ Indie Mix,UC3N5y6UWKJaKqoU2b_0MfTQ,12
PLxZ7DCJGfJF_nmbhZTNiUmIj1mH7yYmtm,Vevo HQ Indie Mix,UC3N5y6UWKJaKqoU2b_0MfTQ,7
PLxZ7DCJGfJF-sIX2M_kd-zMw5zSRN4hlb,Vevo HQ Indie Mix,UC3N5y6UWKJaKqoU2b_0MfTQ,9
PLxZ7DCJGfJF_S02BLvjeeYuUFHMSnP528,Vevo HQ Indie Mix,UC3N5y6UWKJaKqoU2b_0MfTQ,7
PLxZ7DCJGfJF-WTBTEp6Vcz_QhVyJtl6w_,Vevo HQ Indie Mix,UC3N5y6UWKJaKqoU2b_0MfTQ,9
PLxZ7DCJGfJF8ARC5JVydd8eQ_K5qIooi-,Vevo HQ Indie Mix,UC3N5y6UWKJaKqoU2b_0MfTQ,8
PLxZ7DCJGfJF-Gn-bkW87wYlp7z8eCwGfd,Vevo HQ Indie Mix,UC3N5y6UWKJaKqoU2b_0MfTQ,10
PLxZ7DCJGfJF9I8SXfWe-veMo6QHezFIbg,Vevo HQ Indie Mix,UC3N5y6UWKJaKqoU2b_0MfTQ,7
PLxZ7DCJGfJF_lKxGU3Hn1Bs9oHt9irPQF,Vevo HQ Indie Mix,UC3N5y6UWKJaKqoU2b_0MfTQ,9
PLxZ7DCJGfJF-oXoqI9sHx7Yae9I60-yG3,Vevo HQ Indie Mix,UC3N5y6UWKJaKqoU2b_0MfTQ,9
PLxZ7DCJGfJF8dEBmxjVyKV8TDWQcUfa7D,Vevo HQ Indie Mix,UC3N5y6UWKJaKqoU2b_0MfTQ,10
PLxZ7DCJGfJF9mcOGRZallWf7cxcgORsl7,Vevo HQ Indie Mix,UC3N5y6UWKJaKqoU2b_0MfTQ,7
PLxZ7DCJGfJF88mHUMXpH2Up0HYsxF9BuA,Vevo HQ Indie Mix,UC3N5y6UWKJaKqoU2b_0MfTQ,11
PLxZ7DCJGfJF8eTLuhPqPO24UAFTbs0mdH,Vevo HQ Indie Mix,UC3N5y6UWKJaKqoU2b_0MfTQ,10
PLxZ7DCJGfJF-xOpi9lpVHBsevp-chZEvn,Vevo HQ Indie Mix,UC3N5y6UWKJaKqoU2b_0MfTQ,10
PLxZ7DCJGfJF-zYv8duD6BoCbLpgJtkkep,Vevo HQ Indie Mix,UC3N5y6UWKJaKqoU2b_0MfTQ,7
PLxZ7DCJGfJF9l2pG42yVRlbOWERSQbSrr,Vevo HQ Indie Mix,UC3N5y6UWKJaKqoU2b_0MfTQ,11
PLxZ7DCJGfJF_d_1ybNWpE_0gO7tHW_3-a,Vevo HQ Indie Mix,UC3N5y6UWKJaKqoU2b_0MfTQ,9
PLd4EkGQIbtq60oqTyWiAWrQvR8FC8_Jpa,trippy videos,UCloNeYqv0B3ISYZMc1rCfBA,10
PLd4EkGQIbtq5YMn4HKg3w_V3h9ehYEaCP,hindi oldies,UCloNeYqv0B3ISYZMc1rCfBA,12
PLd4EkGQIbtq4ptTgUg8-MaCwKLaABGKSD,Pumpy Football Anthems,UCloNeYqv0B3ISYZMc1rCfBA,24
PLd4EkGQIbtq7mE1O71Fwiwn9ynaqQjVCu,Highschool,UCloNeYqv0B3ISYZMc1rCfBA,31
PLd4EkGQIbtq7pQDIjmnCLjs1JKw6YCjDv,QuickTongue - Cornell Phonetics Lab,UCloNeYqv0B3ISYZMc1rCfBA,7
PLd4EkGQIbtq5MZXenuAiDzjoL99qu1t5h,Hipster Hindi Tunes,UCloNeYqv0B3ISYZMc1rCfBA,41
FLxMNZhuVJC39GOCtUJmYaHQ,Favorites,UCxMNZhuVJC39GOCtUJmYaHQ,1
PLWnJbxDqDO24OU1sTp0YIbNf-4PxljrJD,Alice Kristiansen Covers | 2015,UCM38xtkWZ9y1d3AwXWpo79w,31
PLWnJbxDqDO25WSE8EOOd8LPQnCJxb_XOw,Alice Kristiansen Covers | 2014,UCM38xtkWZ9y1d3AwXWpo79w,13
PLWnJbxDqDO257T9IlJOGrDNeLWkaDx-6i,Alice Kristiansen Covers | 2013,UCM38xtkWZ9y1d3AwXWpo79w,9
PLWnJbxDqDO26d333geAd0pb8NR3aTzt3Q,Alice Kristiansen Covers | 2012,UCM38xtkWZ9y1d3AwXWpo79w,9
PLWnJbxDqDO256auyRrv0xf6p-t5ZC03kg,Behind the Scenes & Updates,UCM38xtkWZ9y1d3AwXWpo79w,3
PLWnJbxDqDO27iZUGmgpe0-h5ETkss2o4Z,AK | Original Music,UCM38xtkWZ9y1d3AwXWpo79w,2
PLWnJbxDqDO27vUQSzXU4SizABodA7_8Ox,Alice Kristiansen Covers | 2016,UCM38xtkWZ9y1d3AwXWpo79w,47
PLR4XuJ-iybKt_O80LVLJ3j0VCP0S4NfLd,Happy Hippie Presents,UCdI8evszfZvyAl2UVCypkTA,10
PLR4XuJ-iybKsYMQ5MJ07Dr1MFtPY_4OIR,Collaborations,UCdI8evszfZvyAl2UVCypkTA,4
PLR4XuJ-iybKvYvsCM6XxtBThPoWbD2ac8,Backyard Sessions,UCdI8evszfZvyAl2UVCypkTA,3
PLR4XuJ-iybKv7PCHYgblXmMA73lOH1_Uw,Miley Cyrus #VEVOCertified,UCdI8evszfZvyAl2UVCypkTA,6
FLdI8evszfZvyAl2UVCypkTA,Favorites,UCdI8evszfZvyAl2UVCypkTA,6
PL116QMOnCaxvsDwEEHPukX59bC86s-l3l,Vevo HQ Pop Mix,UCHkj014U2CQ2Nv0UZeYpE_A,7
PL116QMOnCaxv1foZjnN86Mdpef2AghYby,Vevo HQ Pop Mix,UCHkj014U2CQ2Nv0UZeYpE_A,6
PL116QMOnCaxvqmIxkIR8O6uGRKojALqfm,Vevo HQ Pop Mix,UCHkj014U2CQ2Nv0UZeYpE_A,6
PL116QMOnCaxuup8n5rFrXE-TfWOVGnkiN,Vevo HQ Pop Mix,UCHkj014U2CQ2Nv0UZeYpE_A,5
PL116QMOnCaxta0fnnz7iCF9GBjjyqRyir,Vevo HQ Pop Mix,UCHkj014U2CQ2Nv0UZeYpE_A,5
PL116QMOnCaxvzLNWaxkB4rYlgLKG3CQxH,Vevo HQ Pop Mix,UCHkj014U2CQ2Nv0UZeYpE_A,5
PL116QMOnCaxvarWwBeVHySNWI1WRBct3Q,Vevo HQ Pop Mix,UCHkj014U2CQ2Nv0UZeYpE_A,6
PL116QMOnCaxs_sgvMwtCciRX8odh_gQlh,Vevo HQ Pop Mix,UCHkj014U2CQ2Nv0UZeYpE_A,5
PL116QMOnCaxtJsPSYsS5iHzh0phsQkmJz,Vevo HQ Pop Mix,UCHkj014U2CQ2Nv0UZeYpE_A,5
PL116QMOnCaxvyGxb0NE4PaHRIoUGr_Egj,Vevo HQ Pop Mix,UCHkj014U2CQ2Nv0UZeYpE_A,5
PL116QMOnCaxslg5SbBUrt7CE_1jEyVDcV,Vevo HQ Pop Mix,UCHkj014U2CQ2Nv0UZeYpE_A,6
PL116QMOnCaxs_yWLShGWqtL_GaGoXpQBS,Vevo HQ Pop Mix,UCHkj014U2CQ2Nv0UZeYpE_A,5
PL116QMOnCaxuPFXJGoACxudPRU7fK5zyk,Vevo HQ Pop Mix,UCHkj014U2CQ2Nv0UZeYpE_A,6
PL116QMOnCaxtrRY_bM1le75f4YhuCpDRQ,Vevo HQ Pop Mix,UCHkj014U2CQ2Nv0UZeYpE_A,4
PL116QMOnCaxu1nZSDCxa5SKMLBckK1X9A,Vevo HQ Pop Mix,UCHkj014U2CQ2Nv0UZeYpE_A,5
PL116QMOnCaxvTKzMMUwAgrSEm7c-ypbep,Vevo HQ Pop Mix,UCHkj014U2CQ2Nv0UZeYpE_A,9
PL116QMOnCaxtGCcXhhYDW8LdndnbxnsMF,Vevo HQ Pop Mix,UCHkj014U2CQ2Nv0UZeYpE_A,9
PL116QMOnCaxswk7BJU6IzkauorncCt4SV,Vevo HQ Pop Mix,UCHkj014U2CQ2Nv0UZeYpE_A,8
PL116QMOnCaxvTXV9GXmcfF6yuWnyQya2V,Vevo HQ Pop Mix,UCHkj014U2CQ2Nv0UZeYpE_A,7
PL116QMOnCaxsRQ95qMem9U_W_TNeVCOCQ,Vevo HQ Pop Mix,UCHkj014U2CQ2Nv0UZeYpE_A,10
PL116QMOnCaxuSvOTPGSkqhVBw6B7Qn8lx,Vevo HQ Pop Mix,UCHkj014U2CQ2Nv0UZeYpE_A,11
PL116QMOnCaxuzU8Muo_NaXeAH5v4RogCT,Vevo HQ Pop Mix,UCHkj014U2CQ2Nv0UZeYpE_A,10
PL116QMOnCaxssU4WrsNKhAXPFicgm1Irh,Vevo HQ Pop Mix,UCHkj014U2CQ2Nv0UZeYpE_A,8
PL116QMOnCaxt2WDJRVIvDv0ZNO6-OiBAX,Vevo HQ Pop Mix,UCHkj014U2CQ2Nv0UZeYpE_A,10
PL116QMOnCaxsROJVQbSY2spc0JlPfYaLy,Vevo HQ Pop Mix,UCHkj014U2CQ2Nv0UZeYpE_A,13
PL116QMOnCaxtMSRMxw1guRY0LeRlb8CQq,Vevo HQ Pop Mix,UCHkj014U2CQ2Nv0UZeYpE_A,13
PL116QMOnCaxsFq2cUZFz2S0Q5in8uWr6I,Vevo HQ Pop Mix,UCHkj014U2CQ2Nv0UZeYpE_A,10
PL116QMOnCaxuCUTUfgsN06MDJyW7gb7lx,Vevo HQ Pop Mix,UCHkj014U2CQ2Nv0UZeYpE_A,11
PL116QMOnCaxt03pX2flR_HsGSdgcnvzhi,Vevo HQ Pop Mix,UCHkj014U2CQ2Nv0UZeYpE_A,11
PL116QMOnCaxuSwdpjJBYsP8W-yTKZTbNM,Vevo HQ Pop Mix,UCHkj014U2CQ2Nv0UZeYpE_A,10
PL116QMOnCaxu4Y0RawHvXoeKf-05x9WUQ,Vevo HQ Pop Mix,UCHkj014U2CQ2Nv0UZeYpE_A,9
PL116QMOnCaxtzHIqQDPu-bwER_q-c1Wn1,Vevo HQ Pop Mix,UCHkj014U2CQ2Nv0UZeYpE_A,5
PL116QMOnCaxuDRqagKBZjbQvQtyBuLWD-,Vevo HQ Pop Mix,UCHkj014U2CQ2Nv0UZeYpE_A,7
PL116QMOnCaxt_LogSGaqgt-nxV6MP7X86,Vevo HQ Pop Mix,UCHkj014U2CQ2Nv0UZeYpE_A,8
PL116QMOnCaxtVYEPG7o2abHmtkXSi3lx2,Vevo HQ Pop Mix,UCHkj014U2CQ2Nv0UZeYpE_A,5
PL116QMOnCaxuHvXgiBAswUg9QywN-LEdU,Vevo HQ Pop Mix,UCHkj014U2CQ2Nv0UZeYpE_A,10
PL116QMOnCaxv_DgHbpD3L6i7CYod6D7Np,Vevo HQ Pop Mix,UCHkj014U2CQ2Nv0UZeYpE_A,6
PL116QMOnCaxtlCZuy--R9-3R2qxNfTu71,Vevo HQ Pop Mix,UCHkj014U2CQ2Nv0UZeYpE_A,7
PL116QMOnCaxtwba3cSbMRJ8M46pn1N08B,Vevo HQ Pop Mix,UCHkj014U2CQ2Nv0UZeYpE_A,7
PL116QMOnCaxv-nu-k6AJockioJ-v_IhHL,Vevo HQ Pop Mix,UCHkj014U2CQ2Nv0UZeYpE_A,9
PL116QMOnCaxsUKVQhg57scWS8mOeArNiQ,Vevo HQ Pop Mix,UCHkj014U2CQ2Nv0UZeYpE_A,7
PL116QMOnCaxuiWXUAYTSq3t9ICKQ5UD9O,Vevo HQ Pop Mix,UCHkj014U2CQ2Nv0UZeYpE_A,9
PL116QMOnCaxvIETm6lyCNL_b8WBXwfLpD,Vevo HQ Pop Mix,UCHkj014U2CQ2Nv0UZeYpE_A,8
PL116QMOnCaxudSeZ-3GxgjFNfrn_jPbs_,Vevo HQ Pop Mix,UCHkj014U2CQ2Nv0UZeYpE_A,10
PL116QMOnCaxtqEeX-l6GMq7yRsX9nZAv2,Vevo HQ Pop Mix,UCHkj014U2CQ2Nv0UZeYpE_A,13
PL116QMOnCaxtRBEb7CN3lbZ4BDfTbW36X,Vevo HQ Pop Mix,UCHkj014U2CQ2Nv0UZeYpE_A,11
PL116QMOnCaxszoJT2eZvI53lCeuuDruBI,Vevo HQ Pop Mix,UCHkj014U2CQ2Nv0UZeYpE_A,11
PL116QMOnCaxubsVK11bpeGYaolfJ-cXyJ,Vevo HQ Pop Mix,UCHkj014U2CQ2Nv0UZeYpE_A,9
PL116QMOnCaxvvczfbDTgyIVJWUvTLvTkT,#VevoLyricLines,UCHkj014U2CQ2Nv0UZeYpE_A,4
PL116QMOnCaxs2fjvUIIzZairtCrZA7Baw,Vevo HQ Pop Mix,UCHkj014U2CQ2Nv0UZeYpE_A,7
PL9tY0BWXOZFuIR_zX6mSzkBavmE8dQfOA,HBD: Madison Beer,UC2pmfLm7iq6Ov1UwYrWYkZA,3
PL9tY0BWXOZFuEo_F2m0Jv7HxwUV2oSXxf,Men Crush Monday: Country,UC2pmfLm7iq6Ov1UwYrWYkZA,1
PL9tY0BWXOZFv-64_hkd0iwe7Qd71Kizfl,Best-Of: K. Michelle,UC2pmfLm7iq6Ov1UwYrWYkZA,3
PL9tY0BWXOZFvkxk-cBnE3hbQKy3BQ-8l8,LIFT: Khalid,UC2pmfLm7iq6Ov1UwYrWYkZA,8
PL9tY0BWXOZFvg9L5nx7iMcCwfLAWieVZR,Vevo Presents,UC2pmfLm7iq6Ov1UwYrWYkZA,30
PL9tY0BWXOZFuFEG_GtOBZ8-8wbkH-NVAr,Viral Video Playlist - December 2016,UC2pmfLm7iq6Ov1UwYrWYkZA,20
PL9tY0BWXOZFtv4D5I1D82zFiMIujur40f,Emerging Artists,UC2pmfLm7iq6Ov1UwYrWYkZA,16
PL9tY0BWXOZFuDYpcoGUqhDapulmukQ5Sn,Top 10 Rock Videos of 2016,UC2pmfLm7iq6Ov1UwYrWYkZA,10
PL9tY0BWXOZFtIc1emazO3-x8ovEO8R0I0,Top 10 Hip-Hop Videos of 2016,UC2pmfLm7iq6Ov1UwYrWYkZA,10
PL9tY0BWXOZFsfpdLyVcPtQb6dVk6ItWUC,Top 10 Alt/Indie Vids of 2016,UC2pmfLm7iq6Ov1UwYrWYkZA,10
PL9tY0BWXOZFtKPzO1SGaKPb9fGkpSbhxx,Vevo Top 25 Videos of 2016: US,UC2pmfLm7iq6Ov1UwYrWYkZA,25
PL9tY0BWXOZFtsR5Y9ZvgjHdZ2JODn_DaZ,Vevo Top 25 Videos of 2016: Worldwide,UC2pmfLm7iq6Ov1UwYrWYkZA,25
PL9tY0BWXOZFv6mZQERxOs7ps75KCPRt5X,Christmas Videos,UC2pmfLm7iq6Ov1UwYrWYkZA,72
PL9tY0BWXOZFsEdhM1QMn30ZbLD2EKzaGw,UMG's Best of 2016 Dance Moves,UC2pmfLm7iq6Ov1UwYrWYkZA,17
PL9tY0BWXOZFtKtLu9dygquzbcigx49h87,UMG's 2016 Breakthrough Videos,UC2pmfLm7iq6Ov1UwYrWYkZA,13
PL9tY0BWXOZFtx0iZhZx2NXfj7qk91gyHx,UMG's Best of 2016,UC2pmfLm7iq6Ov1UwYrWYkZA,19
PL9tY0BWXOZFuIf0H9-GzaYOnaXj7C-TyI,DJ Shadow 'Entroducing' 20th Anniversary,UC2pmfLm7iq6Ov1UwYrWYkZA,6
PL9tY0BWXOZFu9pUbsd2mAK2lz4bNzvRH0,Christmas Classics,UC2pmfLm7iq6Ov1UwYrWYkZA,58
PL9tY0BWXOZFu8NY01E3P07z71shcgDpq3,Why I Vote,UC2pmfLm7iq6Ov1UwYrWYkZA,20
PL9tY0BWXOZFtswgWtzAf-7yUtlbEy-ZP4,Why I Vote,UC2pmfLm7iq6Ov1UwYrWYkZA,14
PL9tY0BWXOZFsDoa8GQmtsOiyZsbROUZ1N,Lo Mejor del Latino,UC2pmfLm7iq6Ov1UwYrWYkZA,31
PL9tY0BWXOZFvyIddbDcErbHpiL0UO0VeY,Lo Mejor del Latino,UC2pmfLm7iq6Ov1UwYrWYkZA,30
PL9tY0BWXOZFuHGISNZ_SQX3xk-9V6s2B7,New is always better - Neuheiten am Freitag,UC2pmfLm7iq6Ov1UwYrWYkZA,21
PL9tY0BWXOZFsN7SmajqI2TZ0WWzJYQVsI,New Videos on Vevo!,UC2pmfLm7iq6Ov1UwYrWYkZA,229
PL9tY0BWXOZFv0Dqm8s12InrW0I-A7gLd0,Latest Videos on Vevo!,UC2pmfLm7iq6Ov1UwYrWYkZA,286
PL9tY0BWXOZFuctvZLq43lLFXLPp7eJWdQ,New Hip-Hop Videos on Vevo!,UC2pmfLm7iq6Ov1UwYrWYkZA,155
PL9tY0BWXOZFsdaxvNf1O08nFEonBjQy6P,Latest Hip-Hop Videos on Vevo!,UC2pmfLm7iq6Ov1UwYrWYkZA,128
PL9tY0BWXOZFuRJRDGlK9sR7dK-dmhRtdl,New R&B Videos on Vevo!,UC2pmfLm7iq6Ov1UwYrWYkZA,81
PL9tY0BWXOZFtjaPyBnqA7uucWtRl4NMUW,Latest R&B Videos on Vevo!,UC2pmfLm7iq6Ov1UwYrWYkZA,69
PL9tY0BWXOZFtQZ9qIUT1Bipnk7913U5wQ,New Rock Videos on Vevo!,UC2pmfLm7iq6Ov1UwYrWYkZA,78
PL9tY0BWXOZFvjqze5T1FTwxRdlf2CSd1R,Latest Rock Videos on Vevo!,UC2pmfLm7iq6Ov1UwYrWYkZA,88
PL9tY0BWXOZFu-waZ8xSByF8ntiAgrypaN,TINASHE: Nightride,UC2pmfLm7iq6Ov1UwYrWYkZA,12
PL9tY0BWXOZFutmwU0n5ObcTt7-k8-LGMr,New Indie Videos on Vevo!,UC2pmfLm7iq6Ov1UwYrWYkZA,221
PL9tY0BWXOZFtfP5S8PX-PGHR6yaAmfbjV,Latest Indie Videos on Vevo!,UC2pmfLm7iq6Ov1UwYrWYkZA,188
PL9tY0BWXOZFufTfybguftDKvVDn4cINiW,New is always better - Neuheiten am Freitag,UC2pmfLm7iq6Ov1UwYrWYkZA,1
PL9tY0BWXOZFvcWuweTxc3DHStsrkAFc-L,Hot This Week - 11.4.16,UC2pmfLm7iq6Ov1UwYrWYkZA,7
PL9tY0BWXOZFtwiSwA0OEkdkw7utnOMpb2,New Electro Videos on Vevo!,UC2pmfLm7iq6Ov1UwYrWYkZA,73
PL9tY0BWXOZFsZntQWQjaUCqpeJpq6oGuN,Latest Electro Videos on Vevo!,UC2pmfLm7iq6Ov1UwYrWYkZA,56
PL9tY0BWXOZFve5Gw5is63WURlBFB-GaTj,HBD: Brad Paisley,UC2pmfLm7iq6Ov1UwYrWYkZA,35
PL9tY0BWXOZFvnXA2YgnwheQhNCbuucgZG,Happy Birthday Brad Paisley!,UC2pmfLm7iq6Ov1UwYrWYkZA,35
PL9tY0BWXOZFvb4j14dFbMAf9NSAm0LOKP,Vevo Originals: Hip-Hop,UC2pmfLm7iq6Ov1UwYrWYkZA,15
PL9tY0BWXOZFsDM-NJgJdH4S7cwzezqiqR,Fresh Music Friday: 10/28/16,UC2pmfLm7iq6Ov1UwYrWYkZA,5
PL9tY0BWXOZFsocvc_9ERd1s7yyh8bOv8f,New HIP-HOP,UC2pmfLm7iq6Ov1UwYrWYkZA,27
PL9tY0BWXOZFsLscWXuV2IN6z3axv81YRL,New HIP-HOP,UC2pmfLm7iq6Ov1UwYrWYkZA,31
PL9tY0BWXOZFsj7DhA6shnz5x5zlqwckgV,LIFT: Bishop Briggs,UC2pmfLm7iq6Ov1UwYrWYkZA,13
PL9tY0BWXOZFur462ZMqCmkwanadHkJjE1,TRAP TUESDAY,UC2pmfLm7iq6Ov1UwYrWYkZA,22
PL9tY0BWXOZFvXEWq52xFtwHDaU-tpYiTu,TRAP TUESDAY,UC2pmfLm7iq6Ov1UwYrWYkZA,22
PLsvXkkU29AS7AV-G8yYjrtPJrciGxVUdY,Favorites,UCy5FUarBYUHFpPtYVuvzgcA,2
PLsvXkkU29AS4Nb8gKEnO1GNN5h4KToEEh,LIKE I WOULD Remixes,UCy5FUarBYUHFpPtYVuvzgcA,7
PLsvXkkU29AS5AIjCo6NVxP6QfB7Ot_BqM,ZAYN - Mind Of Mine,UCy5FUarBYUHFpPtYVuvzgcA,11
PLCNNHFKf2brNVyduvhokANlLXveyNL4EW,Official Videos,UC4-TgOSMJHn-LtY4zCzbQhw,4
PLCNNHFKf2brOS3bga0bn9cQBm7ugTT4fg,VVV ft. Shawn Mendes,UC4-TgOSMJHn-LtY4zCzbQhw,3
PLY26-dc4IfQ5cfme_3Jyd8ZYZFGVRfn3W,Scars To Your Beautiful,UC1EwyHfJHEKnA7kKfcGhlIw,5
PLY26-dc4IfQ7XVvQFJb7IjYciGattCubg,Live Performances & Interviews,UC1EwyHfJHEKnA7kKfcGhlIw,10
PLY26-dc4IfQ4hqSllLHIwYcy0UUqAMNC1,Alessia Cara (#VevoLIFT),UC1EwyHfJHEKnA7kKfcGhlIw,8
PLY26-dc4IfQ6uEYoJtx_qREQw-W0anNSa,KNOW-IT-ALL,UC1EwyHfJHEKnA7kKfcGhlIw,13
PLY26-dc4IfQ7p2HNejOfg9j5TBpa355Mh,Favorites,UC1EwyHfJHEKnA7kKfcGhlIw,2
PLYIFY-dSrBQh_Gb8-DfrMkESq_pxDmSGa,Favorites,UCsQG1uamy9ydZrF79v16IBg,1
PL8Azn9c5KxlYQMOJNdiHj06Etp1yLNfaL,One More Song.,UCKTgj8r-wp80wJgDxhc6jpA,7
PLD867F4C83C2E7FCA,We Like 'Em,UCKTgj8r-wp80wJgDxhc6jpA,5
PLD370B8D075A4520C,Water Tower Town,UCKTgj8r-wp80wJgDxhc6jpA,4
PL25FEAA9038959936,We Own The Night,UCKTgj8r-wp80wJgDxhc6jpA,5
PLADBC10D9BBD3001E,Something About This,UCKTgj8r-wp80wJgDxhc6jpA,5
PLE2D2D6828E86EFFC,Where Country Grows,UCKTgj8r-wp80wJgDxhc6jpA,5
PL57A03E2446113191,On This Town...,UCKTgj8r-wp80wJgDxhc6jpA,5
PL9E63D55C242F37C8,On This Town,UCKTgj8r-wp80wJgDxhc6jpA,5
PLB5E6EE3993332E7A,.Country On My Mind.,UCKTgj8r-wp80wJgDxhc6jpA,5
PL70F9757E7B6AE335,Country On My Mind,UCKTgj8r-wp80wJgDxhc6jpA,5
PL7C881608D2DD27CF,Country Slammin',UCKTgj8r-wp80wJgDxhc6jpA,5
PL6B61968C8D88F7C3,Country Weekend,UCKTgj8r-wp80wJgDxhc6jpA,5
PLD21E03CBCF08D2D5,Taking You With Me,UCKTgj8r-wp80wJgDxhc6jpA,5
PLF05A2135C9D4A745,Long Hot Summer,UCKTgj8r-wp80wJgDxhc6jpA,5
PLD5EC78F71493E106,The Long Road,UCKTgj8r-wp80wJgDxhc6jpA,5
PLA753F95B5766FCD2,Countryside,UCKTgj8r-wp80wJgDxhc6jpA,5
PLDC8D6412D914D4EA,Sing It Country,UCKTgj8r-wp80wJgDxhc6jpA,5
PLC49C235005878A30,Taking Off,UCKTgj8r-wp80wJgDxhc6jpA,5
PL64E003D5A9066934,Oh Country .,UCKTgj8r-wp80wJgDxhc6jpA,5
PLFB4380CB24E2AF05,Music On My Mind .,UCKTgj8r-wp80wJgDxhc6jpA,5
PL59839E6EC50B9E4D,Home For The Holidays,UCKTgj8r-wp80wJgDxhc6jpA,5
PL4F68B655091AC6E3,Ready For Summer!,UCKTgj8r-wp80wJgDxhc6jpA,5
PL1C566E77DE196770,Ready For The Summer,UCKTgj8r-wp80wJgDxhc6jpA,5
PLE2E89E7BB24A9FDD,I Hear Music,UCKTgj8r-wp80wJgDxhc6jpA,5
PLD6D142ECD7570661,Back At The Ranch,UCKTgj8r-wp80wJgDxhc6jpA,5
PLFA534486F453486B,Country Grammar,UCKTgj8r-wp80wJgDxhc6jpA,5
PL111D69A869F066DB,Cowboy Daddies,UCKTgj8r-wp80wJgDxhc6jpA,5
PLA391141A0A02B00D,Mumford & Sons @ Bonnaroo!,UCKTgj8r-wp80wJgDxhc6jpA,5
PL3848FE094EEA727B,Mumford & Sons: Live @ Bonnaroo,UCKTgj8r-wp80wJgDxhc6jpA,2
PL9D3CB45250F28D08,Man Of The House,UCKTgj8r-wp80wJgDxhc6jpA,5
PL27669D9539AAD2EE,That's My Song!,UCKTgj8r-wp80wJgDxhc6jpA,4
PL87803ACEC8D20A0B,Country Singin',UCKTgj8r-wp80wJgDxhc6jpA,5
PL0845480529682981,Detected  - Parachute,UCKTgj8r-wp80wJgDxhc6jpA,5
PLE5963306C9F15647,Sing It With A Smile,UCKTgj8r-wp80wJgDxhc6jpA,5
PLBE4DBF585E2ED7A9,The Get Down,UCKTgj8r-wp80wJgDxhc6jpA,5
PL5D7DCBBBF68CC778,Country Living,UCKTgj8r-wp80wJgDxhc6jpA,5
PLA23FDC589CFF059A,Call Me Country,UCKTgj8r-wp80wJgDxhc6jpA,5
PLCDB93D6FA6CF2941,Sing Me A Song,UCKTgj8r-wp80wJgDxhc6jpA,4
PLD2CBE8D91A620D61,ACM Awards 2011: Duets,UCKTgj8r-wp80wJgDxhc6jpA,3
PL5733E4BD429FBCC6,All That New,UCKTgj8r-wp80wJgDxhc6jpA,5
PLE2304F9DCD1B5EE7,Give Me More,UCKTgj8r-wp80wJgDxhc6jpA,5
PLF3500DA5964AABFD,New Generation,UCKTgj8r-wp80wJgDxhc6jpA,5
PL4637DE590A59E510,South Of The Border,UCKTgj8r-wp80wJgDxhc6jpA,6
PL816C7F647088B999,"Wait, You Gotta See This",UCKTgj8r-wp80wJgDxhc6jpA,5
PLD63C0F3E10EF2BE8,You Gotta See This,UCKTgj8r-wp80wJgDxhc6jpA,5
PL79785DF16CF565A0,The Hitmakers,UCKTgj8r-wp80wJgDxhc6jpA,5
PLF033E98F492BBAA5,Out Of The Box,UCKTgj8r-wp80wJgDxhc6jpA,5
PLEC343CA03312481F,A Little Twang,UCKTgj8r-wp80wJgDxhc6jpA,5
PL13335B2E889C02EE,Very VEVO Valentine's,UCKTgj8r-wp80wJgDxhc6jpA,5
PL391749EF62259223,To The GRAMMYs,UCKTgj8r-wp80wJgDxhc6jpA,4
PLbD_LBa2En8qd_e-nH1ngxMUCxGmSBGkg,Vevo HQ Pop Mix,UC9HnKwLco0wfmmHJT4KOjJw,5
PLbD_LBa2En8obFSyY_WrfTQKDU78tkLwA,Vevo HQ Pop Mix,UC9HnKwLco0wfmmHJT4KOjJw,8
PLbD_LBa2En8rpmAWAwSoWF7rG_CkqMlm7,Vevo HQ Pop Mix,UC9HnKwLco0wfmmHJT4KOjJw,6
PLbD_LBa2En8rWdISeEV5zAJLVy3uzE0OQ,Vevo HQ Pop Mix,UC9HnKwLco0wfmmHJT4KOjJw,9
PLbD_LBa2En8qAGW6gQ4MqRakPYIWVz11c,Vevo HQ Pop Mix,UC9HnKwLco0wfmmHJT4KOjJw,7
PLbD_LBa2En8rYDRArwGH2kC1uoFEhhUU1,Vevo HQ Pop Mix,UC9HnKwLco0wfmmHJT4KOjJw,6
PLbD_LBa2En8rQqKxPtvPyTU2R7zG-2VhE,Vevo HQ Pop Mix,UC9HnKwLco0wfmmHJT4KOjJw,7
PLbD_LBa2En8pd5NKuysLnRboXHAMc4jdB,Vevo HQ Pop Mix,UC9HnKwLco0wfmmHJT4KOjJw,9
PLbD_LBa2En8rZqlhtdIkjqIGvcovLgsjE,Vevo HQ Pop Mix,UC9HnKwLco0wfmmHJT4KOjJw,10
PLbD_LBa2En8oKRForBvOPKmLDF_1_x0lX,Vevo HQ Pop Mix,UC9HnKwLco0wfmmHJT4KOjJw,10
PLbD_LBa2En8q-sOZfoM4OvEbovJw69IPv,Vevo HQ Pop Mix,UC9HnKwLco0wfmmHJT4KOjJw,8
PLbD_LBa2En8rYgy8fYj5it-l1VNPUX7GN,Vevo HQ Pop Mix,UC9HnKwLco0wfmmHJT4KOjJw,6
PLbD_LBa2En8q8f3W7Xnj000SY3_4E3n-S,Vevo HQ Pop Mix,UC9HnKwLco0wfmmHJT4KOjJw,9
PLbD_LBa2En8p0haQSDP50m2DnIK3M1L4a,Vevo HQ Pop Mix,UC9HnKwLco0wfmmHJT4KOjJw,10
PLbD_LBa2En8rYh5VlZu_uq6siWAiMj-gm,Vevo HQ Pop Mix,UC9HnKwLco0wfmmHJT4KOjJw,10
PLbD_LBa2En8rdd4c9mrx3H9ldPD6dEupo,Vevo HQ Pop Mix,UC9HnKwLco0wfmmHJT4KOjJw,10
PLbD_LBa2En8paNtLQM6fUIyzxQwiX5qGk,Vevo HQ Pop Mix,UC9HnKwLco0wfmmHJT4KOjJw,10
PLbD_LBa2En8pzqJAvkoCkVAdr3AvUue2z,Vevo HQ Pop Mix,UC9HnKwLco0wfmmHJT4KOjJw,11
PLbD_LBa2En8qLB6BAB3WE9HeCJEYHF3CB,Vevo HQ Pop Mix,UC9HnKwLco0wfmmHJT4KOjJw,8
PLbD_LBa2En8rFMAMkSrCb4XYTXM2GJVXH,Vevo HQ Pop Mix,UC9HnKwLco0wfmmHJT4KOjJw,9
PLbD_LBa2En8oMNmVraV_3r9xXKZdO1sEk,Vevo HQ Pop Mix,UC9HnKwLco0wfmmHJT4KOjJw,6
PLbD_LBa2En8rcSe2P5kJ_u2tieMb_7kL4,Vevo HQ Pop Mix,UC9HnKwLco0wfmmHJT4KOjJw,10
PLbD_LBa2En8oH_iAX4w3M0YhGG0HhiN3h,Vevo HQ Pop Mix,UC9HnKwLco0wfmmHJT4KOjJw,8
PLbD_LBa2En8pH4GBNAk7tyKboQllmDfAw,Vevo HQ Pop Mix,UC9HnKwLco0wfmmHJT4KOjJw,7
PLbD_LBa2En8osxeppUAQ4QGavd3X93Go6,Vevo HQ Pop Mix,UC9HnKwLco0wfmmHJT4KOjJw,6
PLbD_LBa2En8rHswPJM2Zy9-HVP5K3gNlw,Vevo HQ Pop Mix,UC9HnKwLco0wfmmHJT4KOjJw,8
PLbD_LBa2En8rDU2ouHcb3L-46QEYbl_fR,Vevo HQ Pop Mix,UC9HnKwLco0wfmmHJT4KOjJw,6
PLbD_LBa2En8rKIL5VnUmuE4da6enwA5DO,Vevo HQ Pop Mix,UC9HnKwLco0wfmmHJT4KOjJw,9
PLbD_LBa2En8pGDEfvFA4VlyQjDVhNuOs7,Vevo HQ Pop Mix,UC9HnKwLco0wfmmHJT4KOjJw,9
PLbD_LBa2En8pEiLAzsjWPUftgK8mhtSLX,Vevo HQ Pop Mix,UC9HnKwLco0wfmmHJT4KOjJw,10
PLbD_LBa2En8oxuMR8Fch3Avu2M0qdAMfq,Vevo HQ Pop Mix,UC9HnKwLco0wfmmHJT4KOjJw,10
PLbD_LBa2En8q7o5CzRp_5WSkQlt8GfruO,Vevo HQ Pop Mix,UC9HnKwLco0wfmmHJT4KOjJw,10
PLbD_LBa2En8ot6H02BSPFXKFTRdMYu2sG,Vevo HQ Pop Mix,UC9HnKwLco0wfmmHJT4KOjJw,10
PLbD_LBa2En8qDaJRDGElPLH3iCkvZvXCf,Vevo HQ Pop Mix,UC9HnKwLco0wfmmHJT4KOjJw,5
PLbD_LBa2En8qGPuKpRj1PsytZBc1gBu8d,Vevo HQ Pop Mix,UC9HnKwLco0wfmmHJT4KOjJw,7
PLbD_LBa2En8q8G4QDn9ePcL48IfkyqQYR,Vevo HQ Pop Mix,UC9HnKwLco0wfmmHJT4KOjJw,6
PLbD_LBa2En8rx1ivWEqQgMrQ4Kh4sEvEv,Vevo HQ Pop Mix,UC9HnKwLco0wfmmHJT4KOjJw,6
PLbD_LBa2En8pWk5eXsiOwnupX24vMRFzh,Vevo HQ Pop Mix,UC9HnKwLco0wfmmHJT4KOjJw,8
PLbD_LBa2En8ry8R9tbe2p6Vyl6UufTtaD,Vevo HQ Pop Mix,UC9HnKwLco0wfmmHJT4KOjJw,6
PLbD_LBa2En8plYkULCjWTBQRmYTnAbSej,Vevo HQ Pop Mix,UC9HnKwLco0wfmmHJT4KOjJw,10
PLbD_LBa2En8ranODPazkOyRiGQAxRKLif,Vevo HQ Pop Mix,UC9HnKwLco0wfmmHJT4KOjJw,9
PLbD_LBa2En8qci_D7TNOfcAxGMDYoSktB,Vevo HQ Pop Mix,UC9HnKwLco0wfmmHJT4KOjJw,9
PLbD_LBa2En8p8fFyEjFKhUy5cEhT39JSd,Vevo HQ Pop Mix,UC9HnKwLco0wfmmHJT4KOjJw,9
PLbD_LBa2En8rbkCRfzy6dsMsJ8FyqIF5G,Vevo HQ Pop Mix,UC9HnKwLco0wfmmHJT4KOjJw,12
PLbD_LBa2En8pQL4X85RqRbiGEghm3lY3K,Vevo HQ Pop Mix,UC9HnKwLco0wfmmHJT4KOjJw,8
PLbD_LBa2En8oSxUszXGZ3ueA8mAvd2hXZ,Vevo HQ Pop Mix,UC9HnKwLco0wfmmHJT4KOjJw,9
PLbD_LBa2En8poxo43Ro3PzbrSBW4sXi2d,Vevo HQ Pop Mix,UC9HnKwLco0wfmmHJT4KOjJw,6
PLbD_LBa2En8ognWmhRB2hG-zbPEwNRYUa,Vevo HQ Pop Mix,UC9HnKwLco0wfmmHJT4KOjJw,7
PLbD_LBa2En8oGTpqvacXOjaDA2xpdESfv,Vevo HQ Pop Mix,UC9HnKwLco0wfmmHJT4KOjJw,7
PLbD_LBa2En8o3xtd7vdnjuV9SmPLKLbE0,Vevo HQ Pop Mix,UC9HnKwLco0wfmmHJT4KOjJw,9
PL5CcpSUCp0U_LA0jMxJlczbZFSj8uKIWz,Vevo HQ Pop Mix,UCTtZUkI_PkWfoUWaX3J4qtg,5
PL5CcpSUCp0U8yeHWu8DRdaCu4ge_58LrS,Vevo HQ Pop Mix,UCTtZUkI_PkWfoUWaX3J4qtg,8
PL5CcpSUCp0U9pZNlCt2ZsjIuHPGmkMMH8,Vevo HQ Pop Mix,UCTtZUkI_PkWfoUWaX3J4qtg,6
PL5CcpSUCp0U8-6BhHEaRzDRVd-d8SjAvN,Vevo HQ Pop Mix,UCTtZUkI_PkWfoUWaX3J4qtg,9
PL5CcpSUCp0U_SBFgPUSMIJRZ0UI90dZ9f,Vevo HQ Pop Mix,UCTtZUkI_PkWfoUWaX3J4qtg,7
PL5CcpSUCp0U9CaCc8K6I0sb-XTKHyFyyU,Vevo HQ Pop Mix,UCTtZUkI_PkWfoUWaX3J4qtg,6
PL5CcpSUCp0U-muJ-79kCSPIB--PowK7N2,Vevo HQ Pop Mix,UCTtZUkI_PkWfoUWaX3J4qtg,7
PL5CcpSUCp0U8OhN1ESELzNR2AqEmtUaas,Vevo HQ Pop Mix,UCTtZUkI_PkWfoUWaX3J4qtg,9
PL5CcpSUCp0U8bMid4T3uGKabSqjTCB7OI,Vevo HQ Pop Mix,UCTtZUkI_PkWfoUWaX3J4qtg,10
PL5CcpSUCp0U_6tk_1KHf8vRQsVtHXINt6,Vevo HQ Pop Mix,UCTtZUkI_PkWfoUWaX3J4qtg,10
PL5CcpSUCp0U-AywFSBS_N7B4eVmMm7hDu,Vevo HQ Pop Mix,UCTtZUkI_PkWfoUWaX3J4qtg,8
PL5CcpSUCp0U-1ljAbki0AE4NbKEJzGZrp,Vevo HQ Pop Mix,UCTtZUkI_PkWfoUWaX3J4qtg,6
PL5CcpSUCp0U82-2_ZnuhOAT3Vivomr9jn,Vevo HQ Pop Mix,UCTtZUkI_PkWfoUWaX3J4qtg,9
PL5CcpSUCp0U-TajutgFomSLQ7hnDdq50X,Vevo HQ Pop Mix,UCTtZUkI_PkWfoUWaX3J4qtg,10
PL5CcpSUCp0U8ZcWNlIKQbzHeIR12KYlI1,Vevo HQ Pop Mix,UCTtZUkI_PkWfoUWaX3J4qtg,10
PL5CcpSUCp0U8zeSLqAPY9YvhsKBegkmW8,Vevo HQ Pop Mix,UCTtZUkI_PkWfoUWaX3J4qtg,10
PL5CcpSUCp0U_NsP4spH2SrjSt8nWlZqZd,Vevo HQ Pop Mix,UCTtZUkI_PkWfoUWaX3J4qtg,10
PL5CcpSUCp0U_EScigxp7K5pgb6E-buTze,Vevo HQ Pop Mix,UCTtZUkI_PkWfoUWaX3J4qtg,11
PL5CcpSUCp0U_XgJxwRB29d19me-J-hBkS,Vevo HQ Pop Mix,UCTtZUkI_PkWfoUWaX3J4qtg,8
PL5CcpSUCp0U_jQMLH0K8dlortG8NG4cm6,Vevo HQ Pop Mix,UCTtZUkI_PkWfoUWaX3J4qtg,9
PL5CcpSUCp0U9JtqXIlESZsGvIbS86DXGk,Vevo HQ Pop Mix,UCTtZUkI_PkWfoUWaX3J4qtg,6
PL5CcpSUCp0U9zTss6Jvs3o_CzOkUyepaE,Vevo HQ Pop Mix,UCTtZUkI_PkWfoUWaX3J4qtg,10
PL5CcpSUCp0U_KW0DkitkbgsHOBXbsvG8T,Vevo HQ Pop Mix,UCTtZUkI_PkWfoUWaX3J4qtg,8
PL5CcpSUCp0U8LRXibE5VF3vMS8WLBtrJK,Vevo HQ Pop Mix,UCTtZUkI_PkWfoUWaX3J4qtg,7
PL5CcpSUCp0U9ct_MJcX898BAGejC5dpgC,Vevo HQ Pop Mix,UCTtZUkI_PkWfoUWaX3J4qtg,6
PL5CcpSUCp0U_sBZbBfSsnAzMZzuRFSwAK,Vevo HQ Pop Mix,UCTtZUkI_PkWfoUWaX3J4qtg,8
PL5CcpSUCp0U-Pax3g4h1mSOBEWvRJjmU0,Vevo HQ Pop Mix,UCTtZUkI_PkWfoUWaX3J4qtg,7
PL5CcpSUCp0U_TksqiCe1vRlMP6kGsBqWv,Vevo HQ Pop Mix,UCTtZUkI_PkWfoUWaX3J4qtg,9
PL5CcpSUCp0U_trxCe-aEYr4m-tK5orux9,Vevo HQ Pop Mix,UCTtZUkI_PkWfoUWaX3J4qtg,10
PL5CcpSUCp0U-J0mPJrm-8CUQX7IbNI5FJ,Band Aid 30,UCTtZUkI_PkWfoUWaX3J4qtg,1
PL5CcpSUCp0U-NKSRVD__JEwK0xLCK45KX,Vevo's Guess the Video,UCTtZUkI_PkWfoUWaX3J4qtg,4
PL5CcpSUCp0U9_ouQIwOw4dS92F1K69QiG,Trailers,UCTtZUkI_PkWfoUWaX3J4qtg,3
PL5CcpSUCp0U_bzM6VrxMV5EAC6SSZRiXN,Remix Videos,UCTtZUkI_PkWfoUWaX3J4qtg,5
PL5CcpSUCp0U_Dpw7IVJ7bp_pUsFiZvuoa,Behind The Scenes/Photo Shoot,UCTtZUkI_PkWfoUWaX3J4qtg,7
PL5CcpSUCp0U914LXdRwQ-df-XfcwqVGkd,Audio,UCTtZUkI_PkWfoUWaX3J4qtg,4
PL5CcpSUCp0U8XRFtLWVrz02TZBiYCLS9s,On Tour/Tour Diary,UCTtZUkI_PkWfoUWaX3J4qtg,16
PL5CcpSUCp0U8uxwaqB4u9GbdE2V_Nlt1F,Live,UCTtZUkI_PkWfoUWaX3J4qtg,9
PL5CcpSUCp0U_CIm6OOsAMZe8sMXDqDWMx,VEVO Lift Performances,UCTtZUkI_PkWfoUWaX3J4qtg,12
PL5CcpSUCp0U9kwU1NQ-97gPs1_I8t91Lz,VEVO Lift,UCTtZUkI_PkWfoUWaX3J4qtg,16
PL5CcpSUCp0U9-fbC8GIiR7aaL5chgZjD3,Official Videos,UCTtZUkI_PkWfoUWaX3J4qtg,7
PLADFFC23BCD166B62,Da Life,UCTtZUkI_PkWfoUWaX3J4qtg,5
PL9029B0476584A05A,It's Not About The Money,UCTtZUkI_PkWfoUWaX3J4qtg,5
PLpz-Cm0bpQJ7y-HriYea-u8EXibT4orOM,Official Videos,UCmfFGTSsfJVu6CGvL8r75qg,10
PLpz-Cm0bpQJ4beQi28bBpwEq8nRauirQT,Uptown Special,UCmfFGTSsfJVu6CGvL8r75qg,6
PLF5F74EEB6A0E10D0,Still,UCmfFGTSsfJVu6CGvL8r75qg,5
PLCDC593AF65A1B03A,Drive My Car,UCmfFGTSsfJVu6CGvL8r75qg,5
PLC6C1D76BA88DD6B9,Above The Fold,UCmfFGTSsfJVu6CGvL8r75qg,5
PLBCDC50904DBE21ED,Turn The Music Up,UCmfFGTSsfJVu6CGvL8r75qg,5
PL258062A19DCAEFFD,Book of James,UCmfFGTSsfJVu6CGvL8r75qg,5
PL5368B9230A3F4FDC,Round n Round,UCmfFGTSsfJVu6CGvL8r75qg,5
PL5B5AD1DC6C134D9F,VEVO Presents :  Kasabian (Live),UCmfFGTSsfJVu6CGvL8r75qg,5
PL074627006A5E10DF,VEVO Presents: Kasabian,UCmfFGTSsfJVu6CGvL8r75qg,6
PLBD7EF7A6946661D2,Rock It Weekend,UCmfFGTSsfJVu6CGvL8r75qg,5
PL87F898B0836A4B34,What You Want,UCmfFGTSsfJVu6CGvL8r75qg,5
PL1821E6A76DFFBB70,Alt-ernator,UCmfFGTSsfJVu6CGvL8r75qg,5
PL388795D2EC0F092B,Amp Me Up!,UCmfFGTSsfJVu6CGvL8r75qg,5
PL283C2888B6270915,Walking Groove,UCmfFGTSsfJVu6CGvL8r75qg,5
PL873323D5570CEB21,Play The Game,UCmfFGTSsfJVu6CGvL8r75qg,5
PLD44AE4A7E7302631,Jam With The Band,UCmfFGTSsfJVu6CGvL8r75qg,5
PL55E15539E70D2568,Addicted,UCmfFGTSsfJVu6CGvL8r75qg,5
PL5B4A23498585ABFC,Go Go Go,UCmfFGTSsfJVu6CGvL8r75qg,4
PL49A47DA6F151BADF,Escape,UCmfFGTSsfJVu6CGvL8r75qg,4
PL64F8082BC01FC744,.Turn Me Up!..,UCmfFGTSsfJVu6CGvL8r75qg,4
PL763794AB9F1FD259,Turn Me Up!..,UCmfFGTSsfJVu6CGvL8r75qg,5
PLC6186B1202A8BE5C,The Shuffle.,UCmfFGTSsfJVu6CGvL8r75qg,5
PL0729B13AEB92277B,Don't Give Up,UCmfFGTSsfJVu6CGvL8r75qg,5
PL0A392FDF59AA3694,Chill Me Out,UCmfFGTSsfJVu6CGvL8r75qg,3
PL60DD101618911B8E,Funeral Party - VEVO LIFT,UCmfFGTSsfJVu6CGvL8r75qg,5
PLBD30E1FA4038EA73,VEVO LIFT: Funeral Party BTS,UCmfFGTSsfJVu6CGvL8r75qg,5
PLBCD36EC6496EFB5C,Karma Calling,UCmfFGTSsfJVu6CGvL8r75qg,6
PL8B21F9B452C51707,VEVO LIFT: Funeral Party .,UCmfFGTSsfJVu6CGvL8r75qg,5
PL3CF1EAEF62277B8C,The Chills,UCmfFGTSsfJVu6CGvL8r75qg,5
PL77C9BDAFF99EE9EF,Instant Classic.,UCmfFGTSsfJVu6CGvL8r75qg,5
PL447A19CB42B2A45A,VEVO LIFT Presents :  Funeral Party .,UCmfFGTSsfJVu6CGvL8r75qg,5
PL9AB243F42F5EF5FE,New Flavor.,UCmfFGTSsfJVu6CGvL8r75qg,5
PLD9832C593B4083FD,Hype Me Up,UCmfFGTSsfJVu6CGvL8r75qg,5
PLB3CEEB89F80FF058,Now You Know,UCmfFGTSsfJVu6CGvL8r75qg,5
PL8A9F3D5F99A55D22,My Indie Summer,UCmfFGTSsfJVu6CGvL8r75qg,5
PLF1ACDCC1290DE96C,Feels Like Summer.,UCmfFGTSsfJVu6CGvL8r75qg,5
PL186D0561EF790BC9,Gimme Some More,UCmfFGTSsfJVu6CGvL8r75qg,5
PLC0E14DECB3CC8A33,Sound It Out,UCmfFGTSsfJVu6CGvL8r75qg,5
PL8AE461077EFF67FD,VEVO LIFT Introduces :  Funeral Party,UCmfFGTSsfJVu6CGvL8r75qg,5
PLB0B2BC9AC9D76F45,Best Summer Ever,UCmfFGTSsfJVu6CGvL8r75qg,5
PL3D1FB168888DDCEE,Came To Rock!,UCmfFGTSsfJVu6CGvL8r75qg,5
PL3201D420B6B7CED4,I Hear Music,UCmfFGTSsfJVu6CGvL8r75qg,5
PL1A9F2A018C25755B,"Stand Up, Rock Out!",UCmfFGTSsfJVu6CGvL8r75qg,5
PLE1B274BBF94AA1E4,Mix It Up !,UCmfFGTSsfJVu6CGvL8r75qg,5
PL4185C9B303BCDA21,It Gets Better,UCmfFGTSsfJVu6CGvL8r75qg,5
PLD2A6B33F44A5C7D8,Live From Bonnaroo 2011,UCmfFGTSsfJVu6CGvL8r75qg,5
PLD8364AAAA263DE24,VEVO LIFT Introduces: Funeral Party,UCmfFGTSsfJVu6CGvL8r75qg,5
PL88108CD03D34C370,It's The Rager,UCmfFGTSsfJVu6CGvL8r75qg,5
PL4242C43DEEF2B3BF,Breaking Boundaries,UCmfFGTSsfJVu6CGvL8r75qg,4
PLtQhhILa3abecViC21sqag1iI52q1Lrex,Favorites,UCm1dsgJNnhaLkY3uAdqN4mA,1
PLtQhhILa3abeep4YsQ5dGuu2FEhMuZ4Pk,Royalty Video,UCm1dsgJNnhaLkY3uAdqN4mA,7
PLtQhhILa3abfRjQ7PfCrdu3BhcEBo1USF,Royalty,UCm1dsgJNnhaLkY3uAdqN4mA,7
PLtQhhILa3abeUpQdBy9guHljuDYtaUbTZ,Vevo HQ Pop Mix,UCm1dsgJNnhaLkY3uAdqN4mA,5
PLtQhhILa3abfFxRFVjSAZ11h9q1Bs4gH0,Vevo HQ Urban Mix,UCm1dsgJNnhaLkY3uAdqN4mA,5
PLtQhhILa3abdLgKQvSwITYE9gsKM7SI_b,Vevo HQ Urban Mix,UCm1dsgJNnhaLkY3uAdqN4mA,5
PLtQhhILa3abeucu-6kA9JsPs5jNOKTEP1,Vevo HQ Urban Mix,UCm1dsgJNnhaLkY3uAdqN4mA,5
PLtQhhILa3abfiA5SXKxP0PLnyjiWgfXw0,Vevo HQ Pop Mix,UCm1dsgJNnhaLkY3uAdqN4mA,6
PLtQhhILa3abeZdYTfBl6aaFrCT-91D8VO,Vevo HQ Urban Mix,UCm1dsgJNnhaLkY3uAdqN4mA,5
PLtQhhILa3abeP7-gB-3n4UrMUq2bIxQ16,Vevo HQ Pop Mix,UCm1dsgJNnhaLkY3uAdqN4mA,9
PLtQhhILa3abeTq1Gwg3kx8FFukDwn06Bf,Vevo HQ Urban Mix,UCm1dsgJNnhaLkY3uAdqN4mA,5
PLtQhhILa3abehaAAN8ZnlhkYm_qT4eRk2,Vevo HQ Urban Mix,UCm1dsgJNnhaLkY3uAdqN4mA,5
PLtQhhILa3abfK5-XoLTp-bI44pwWPB5q5,Vevo HQ Pop Mix,UCm1dsgJNnhaLkY3uAdqN4mA,7
PLtQhhILa3abd_srmbvRnK-EkcnhD58IND,Vevo HQ Urban Mix,UCm1dsgJNnhaLkY3uAdqN4mA,5
PLtQhhILa3abc2iYbnBa9_9LhHfaGn30oM,Vevo HQ Pop Mix,UCm1dsgJNnhaLkY3uAdqN4mA,6
PLtQhhILa3abeRrD6PRA6GKxHKnVWzYg67,Vevo HQ Urban Mix,UCm1dsgJNnhaLkY3uAdqN4mA,6
PLtQhhILa3abdLBqB5P2EE46KFvlh4SFqz,Vevo HQ Urban Mix,UCm1dsgJNnhaLkY3uAdqN4mA,4
PLtQhhILa3abe8nkunisR217QTSP7O0e6Z,Vevo HQ Urban Mix,UCm1dsgJNnhaLkY3uAdqN4mA,4
PLtQhhILa3abcXIyWu34yNHm-wNbb9indp,Vevo HQ Pop Mix,UCm1dsgJNnhaLkY3uAdqN4mA,6
PLtQhhILa3abfc4ic4uUkTUdLCLWnJzd6L,Vevo HQ Pop Mix,UCm1dsgJNnhaLkY3uAdqN4mA,9
PLtQhhILa3abdxpys6mjCGMJSuUAFIGveM,Vevo HQ Pop Mix,UCm1dsgJNnhaLkY3uAdqN4mA,10
PLtQhhILa3abccySLOpTJdSnXpeBu7BSM2,Vevo HQ Pop Mix,UCm1dsgJNnhaLkY3uAdqN4mA,10
PLtQhhILa3abcgcyULHHbErtg0_XKVWT2k,Vevo HQ Pop Mix,UCm1dsgJNnhaLkY3uAdqN4mA,8
PLtQhhILa3abd1YHH6Qg8lj9po1N8aphke,Vevo HQ Pop Mix,UCm1dsgJNnhaLkY3uAdqN4mA,6
PLtQhhILa3abf2EHEXEA2ASOY5HSd6Eyyq,Vevo HQ Pop Mix,UCm1dsgJNnhaLkY3uAdqN4mA,9
PLtQhhILa3abfpXH2cohrkG9-ZP1I13bbm,Vevo HQ Pop Mix,UCm1dsgJNnhaLkY3uAdqN4mA,10
PLtQhhILa3abdejy60RL0VSPcshHgltX4K,Vevo HQ Urban Mix,UCm1dsgJNnhaLkY3uAdqN4mA,5
PLtQhhILa3abfOF2CecNww2qc4YjzlAz1d,Vevo HQ Pop Mix,UCm1dsgJNnhaLkY3uAdqN4mA,10
PLtQhhILa3abcw19ykNdVX2G2Fod8ISyGN,Vevo HQ Pop Mix,UCm1dsgJNnhaLkY3uAdqN4mA,10
PLtQhhILa3abcospHYFwzu1FjaaB-OSiGm,Vevo HQ Urban Mix,UCm1dsgJNnhaLkY3uAdqN4mA,5
PLtQhhILa3abcm1sFQexcPS3T4Yy1VcI01,Vevo HQ Pop Mix,UCm1dsgJNnhaLkY3uAdqN4mA,11
PLtQhhILa3abfiErh9MrrT_6hnQgnx8Hio,Vevo HQ Pop Mix,UCm1dsgJNnhaLkY3uAdqN4mA,8
PLtQhhILa3abcN35MXDk6aQdz1TpcPGdKh,Vevo HQ Pop Mix,UCm1dsgJNnhaLkY3uAdqN4mA,9
PLtQhhILa3abfGxLTPDi0F290755-MbKYH,Vevo HQ Pop Mix,UCm1dsgJNnhaLkY3uAdqN4mA,6
PLtQhhILa3abfHUV5t74l7DnDVVB_pmXzC,Vevo HQ Urban Mix,UCm1dsgJNnhaLkY3uAdqN4mA,6
PLtQhhILa3abc6fmdUnBs7q0B-KeaZAojc,Vevo HQ Urban Mix,UCm1dsgJNnhaLkY3uAdqN4mA,5
PLtQhhILa3abeZYmLWMb19kWeTEk3Lx-k7,Vevo HQ Urban Mix,UCm1dsgJNnhaLkY3uAdqN4mA,5
PLtQhhILa3abeziW4mGUeCVwIy139wF3tf,Vevo HQ Urban Mix,UCm1dsgJNnhaLkY3uAdqN4mA,5
PLtQhhILa3abck-Mr0Qz4l0Vh8tlNCyZTD,Vevo HQ Urban Mix,UCm1dsgJNnhaLkY3uAdqN4mA,5
PLtQhhILa3abf9i56QupdJijor4KE_eXRo,Vevo HQ Pop Mix,UCm1dsgJNnhaLkY3uAdqN4mA,7
PLtQhhILa3abf8lQUgza5vJkv7YRfE1kN5,Vevo HQ Urban Mix,UCm1dsgJNnhaLkY3uAdqN4mA,5
PLtQhhILa3abftlHARapxAYIL59QTnlVNp,Vevo HQ Pop Mix,UCm1dsgJNnhaLkY3uAdqN4mA,8
PLtQhhILa3abcEGUFryBJxT3txOdYy6rJj,Vevo HQ Urban Mix,UCm1dsgJNnhaLkY3uAdqN4mA,6
PLtQhhILa3abdkLfrgrrEthi6I3Smq-b8y,Vevo HQ Pop Mix,UCm1dsgJNnhaLkY3uAdqN4mA,7
PLtQhhILa3abeVzGdHwDYObgEqS5ITXDac,Vevo HQ Pop Mix,UCm1dsgJNnhaLkY3uAdqN4mA,9
PLtQhhILa3abd2CufESX4B6QDRBZldwAk4,Vevo HQ Pop Mix,UCm1dsgJNnhaLkY3uAdqN4mA,10
PLtQhhILa3abe9oEkCD5nO4Aom4T2PVzmE,Vevo HQ Urban Mix,UCm1dsgJNnhaLkY3uAdqN4mA,5
PLtQhhILa3abe7bNUpiyhAYWrmMZAIW7Oo,Fan Of A Fan The Album,UCm1dsgJNnhaLkY3uAdqN4mA,5
PLtQhhILa3abdCzlzi631zEl470L1E0MLY,Vevo's Guess the Video,UCm1dsgJNnhaLkY3uAdqN4mA,4
PLtQhhILa3abenBbUqVr5Mw7_sEQqxZBHo,Vevo HQ Urban Mix,UCm1dsgJNnhaLkY3uAdqN4mA,5
PLdYwhvDpx0FJFSE4H8sub0_UF4-GyE4aI,Vitamin Water,UChpJbg7zMbi5jx9Gdjaxa9g,9
PL5603E4B06C896982,FAME,UChpJbg7zMbi5jx9Gdjaxa9g,6
PL7F534D58E01763D0,All Of That.,UChpJbg7zMbi5jx9Gdjaxa9g,5
PL3BFB5AE6347D1A0C,The Future,UChpJbg7zMbi5jx9Gdjaxa9g,5
PLBD27195CD7E3FE22,Above The Rim,UChpJbg7zMbi5jx9Gdjaxa9g,5
PL5077E2E70E14DCD3,Eso Es,UChpJbg7zMbi5jx9Gdjaxa9g,6
PL262E333910C0E1C8,Lost Ones,UChpJbg7zMbi5jx9Gdjaxa9g,5
PL5B6840FABA80F416,For the Win,UChpJbg7zMbi5jx9Gdjaxa9g,5
PL0BB8299CD7DC602B,Witnessed,UChpJbg7zMbi5jx9Gdjaxa9g,5
PL184BC9659C949B5F,Microphone Check,UChpJbg7zMbi5jx9Gdjaxa9g,5
PL974D10FC78C46B1E,Rock The Party...,UChpJbg7zMbi5jx9Gdjaxa9g,5
PLAE038AF5704DEB98,"Old School, New School",UChpJbg7zMbi5jx9Gdjaxa9g,5
PLC7B5CD2527D10693,Over The Top,UChpJbg7zMbi5jx9Gdjaxa9g,4
PL10FF8B16834D3093,Turned Up!,UChpJbg7zMbi5jx9Gdjaxa9g,5
PL267661476D5A989A,Sideline Story,UChpJbg7zMbi5jx9Gdjaxa9g,5
PLEF1B1265ACE3F5D8,The Big Time,UChpJbg7zMbi5jx9Gdjaxa9g,5
PL8A1C2431568B22A6,.In The Zone!.,UChpJbg7zMbi5jx9Gdjaxa9g,5
PL4742DC0290D15B20,Video Premieres: Hip-Hop.,UChpJbg7zMbi5jx9Gdjaxa9g,5
PL70FE751F6869C4BA,Video Premieres: Hip-Hop,UChpJbg7zMbi5jx9Gdjaxa9g,5
PLAD6D84746F336713,Yeezy!,UChpJbg7zMbi5jx9Gdjaxa9g,5
PL10279D1A6032099E,Heineken Red Star Access & Kanye West,UChpJbg7zMbi5jx9Gdjaxa9g,5
PL86F9D00868B024E5,Blowing Up!,UChpJbg7zMbi5jx9Gdjaxa9g,5
PL8343894B257D3C76,Class Is In Session,UChpJbg7zMbi5jx9Gdjaxa9g,5
PLCF8C24E138A09582,The Hit Club,UChpJbg7zMbi5jx9Gdjaxa9g,6
PL3E76992CB53D6102,The New Regime,UChpJbg7zMbi5jx9Gdjaxa9g,5
PL97043F18747286F1,Writer's Block,UChpJbg7zMbi5jx9Gdjaxa9g,5
PL1F576DF621F9F0CA,On Your Radar,UChpJbg7zMbi5jx9Gdjaxa9g,4
PL2808B054E8FDE31E,Highly Anticipated,UChpJbg7zMbi5jx9Gdjaxa9g,5
PL61B5F90405867606,Luxury Rap,UChpJbg7zMbi5jx9Gdjaxa9g,5
PLDB35F2A9147E6E31,Work Out.,UChpJbg7zMbi5jx9Gdjaxa9g,5
PLC2C8156DACA99939,KWandJ,UChpJbg7zMbi5jx9Gdjaxa9g,4
PL704DA9FE5E10160C,G.O.O.D. Music,UChpJbg7zMbi5jx9Gdjaxa9g,6
PL8FC105A4D0E6F4AC,Classic Hip-Hop,UChpJbg7zMbi5jx9Gdjaxa9g,5
PLC493B622DB8534BF,We Major .,UChpJbg7zMbi5jx9Gdjaxa9g,5
PLB66F495781EF7C67,Boombastic,UChpJbg7zMbi5jx9Gdjaxa9g,5
PL8162FF42562256A2,Loud Pockets,UChpJbg7zMbi5jx9Gdjaxa9g,5
PLB174E3B8722F3D28,Ear To The Streets.,UChpJbg7zMbi5jx9Gdjaxa9g,5
PL796AB755A5BC8464,Go Getters!,UChpJbg7zMbi5jx9Gdjaxa9g,5
PL7184DAFDE998E3A4,Go Getters.,UChpJbg7zMbi5jx9Gdjaxa9g,5
PL5AD9F9DFF489E144,Pot Of Gold .,UChpJbg7zMbi5jx9Gdjaxa9g,5
PL978C9D5AA975509F,Light It Up.,UChpJbg7zMbi5jx9Gdjaxa9g,5
PLC61DFCF40AF0BDE2,Make Some Noise,UChpJbg7zMbi5jx9Gdjaxa9g,4
PL3C491C62A69A7E7E,Licensed to Ill,UChpJbg7zMbi5jx9Gdjaxa9g,4
PLED97B2EDC040BD25,VEVO Presents: G.O.O.D. Music,UChpJbg7zMbi5jx9Gdjaxa9g,5
PL18C3CA5FB85796CC,Hustle Hard,UChpJbg7zMbi5jx9Gdjaxa9g,5
PL0EAB6087A1AD0561,2Pacalypse Now,UChpJbg7zMbi5jx9Gdjaxa9g,5
PL97BFB22FC0B77FB8,And You Don't Stop,UChpJbg7zMbi5jx9Gdjaxa9g,5
PL90BBD8EDD6B7AD0F,Bass Down Low,UChpJbg7zMbi5jx9Gdjaxa9g,4
PL58037274D5690A28,BET Nominees 2011,UChpJbg7zMbi5jx9Gdjaxa9g,5
PLbxg9IbgCVkQAPIJXwt4jFdVmS9z5e7-L,This Is Acting ��� Deluxe Version,UCmKdSrwf1e8coqAzUsrVHZw,7
PLbxg9IbgCVkTycPIemWqoFQ90uplge6N3,Cheap Thrills (Remixes),UCmKdSrwf1e8coqAzUsrVHZw,7
PLbxg9IbgCVkS9uTUQgno-twAlpqrsVpO-,Sia ��� THIS IS ACTING Album,UCmKdSrwf1e8coqAzUsrVHZw,12
PLbxg9IbgCVkQulO-1RG28Hg7rPJ5tAEZo,Alive (Remixes),UCmKdSrwf1e8coqAzUsrVHZw,5
PLbxg9IbgCVkRTIZ-pYAHlBz2tWKMvw0i6,VVV ft. Sia,UCmKdSrwf1e8coqAzUsrVHZw,2
PLbxg9IbgCVkS07wMGVIolgELNvszCupB9,VVV ft. Sia,UCmKdSrwf1e8coqAzUsrVHZw,2
PLbxg9IbgCVkTppRBiVEPkt8aCCJw2iRA-,VVV ft. Sia - Elastic Heart,UCmKdSrwf1e8coqAzUsrVHZw,1
PLbxg9IbgCVkTegF_KgBbDj_a9NnhCcOpd,Vevo HQ - VVV ft. Sia,UCmKdSrwf1e8coqAzUsrVHZw,2
PLbxg9IbgCVkSzqvY1WAQyRR5BpA33ka7I,VEVO HQ Dance Mix,UCmKdSrwf1e8coqAzUsrVHZw,5
PLE205B94DF3096EB2,So Much Love,UCmKdSrwf1e8coqAzUsrVHZw,5
PL5F4ABC3C92A2E4BB,Just This Time,UCmKdSrwf1e8coqAzUsrVHZw,5
PL07CD569FBF0789DA,The Weekend Countdown,UCmKdSrwf1e8coqAzUsrVHZw,5
FLmKdSrwf1e8coqAzUsrVHZw,Favorites,UCmKdSrwf1e8coqAzUsrVHZw,3
PLA3705347DD001E43,Game Changers,UCmKdSrwf1e8coqAzUsrVHZw,5
PL9A43FD6D4C7D23DD,Coming Up!,UCmKdSrwf1e8coqAzUsrVHZw,5
PL4C66A0E87A2C0C7F,On Fire!,UCmKdSrwf1e8coqAzUsrVHZw,5
PL288D7B1539E36CED,Electroshock Therapy,UCmKdSrwf1e8coqAzUsrVHZw,5
PL4E8DD3A05297516E,Low End Theory,UCmKdSrwf1e8coqAzUsrVHZw,5
PL1640254C9A33330F,Cheers To The Weekend,UCmKdSrwf1e8coqAzUsrVHZw,5
PL84998AFF846FBEC9,Push To Start,UCmKdSrwf1e8coqAzUsrVHZw,1
PLEE5B302A6CBD389F,Pop Matters,UCmKdSrwf1e8coqAzUsrVHZw,5
PL10FC02E058A8AC5B,Closer,UCmKdSrwf1e8coqAzUsrVHZw,6
PL2B32CCDD5F13C092,On The Verge,UCmKdSrwf1e8coqAzUsrVHZw,5
PL4BAED59D1BA6738D,.The Cool Kids.,UCmKdSrwf1e8coqAzUsrVHZw,5
PL7901560B4A0D4C05,Take Over Control!,UCmKdSrwf1e8coqAzUsrVHZw,5
PL09C6D55AE5975D03,The Breaks.,UCmKdSrwf1e8coqAzUsrVHZw,5
PLE040954DFE650B96,Dance Dance Dance!,UCmKdSrwf1e8coqAzUsrVHZw,5
PLEE21C00FFAB2C0BE,VEVO LIFT Introduces: Dev,UCmKdSrwf1e8coqAzUsrVHZw,5
PL61715ADD321BC3AD,Summer Sun,UCmKdSrwf1e8coqAzUsrVHZw,5
PLF78CD73B95C51761,Rave N Roll.,UCmKdSrwf1e8coqAzUsrVHZw,5
PL603AB7EA01EA77B7,What's Poppin',UCmKdSrwf1e8coqAzUsrVHZw,5
PLAE5B4D7288EDB873,Stadium Status  .,UCmKdSrwf1e8coqAzUsrVHZw,5
PL26F4D08E82624C5F,DJ Play My Song,UCmKdSrwf1e8coqAzUsrVHZw,5
PL86C37C87A0F90AA2,Work Me Over,UCmKdSrwf1e8coqAzUsrVHZw,5
PL084803D834864C7A,Sweet Escape.,UCmKdSrwf1e8coqAzUsrVHZw,5
PL7DF8B5A0FE1A85EF,Bounce To The Rhythm,UCmKdSrwf1e8coqAzUsrVHZw,5
PL3CE8E2B2DD38956F,Dance In The Dark,UCmKdSrwf1e8coqAzUsrVHZw,5
PL278698190C38D34C,We Turn It Up,UCmKdSrwf1e8coqAzUsrVHZw,5
PLC2BAD9A50D77BDA9,Back To Bonnaroo,UCmKdSrwf1e8coqAzUsrVHZw,5
PL0155E497271C88AE,Let The Kids Techno!,UCmKdSrwf1e8coqAzUsrVHZw,4
PL840E1849F7965A5B,Give Me Everything Tonight,UCmKdSrwf1e8coqAzUsrVHZw,5
PLD91EB1F1FB057F45,Start The Party!,UCmKdSrwf1e8coqAzUsrVHZw,5
PL35567A1E3BAF8C43,TGIF,UCmKdSrwf1e8coqAzUsrVHZw,5
PL05FDEEFD526A7697,Live From Bonnaroo 2011,UCmKdSrwf1e8coqAzUsrVHZw,5
PLE4BF8BC540105D97,Now For Something Different,UCmKdSrwf1e8coqAzUsrVHZw,5
PL84DA8AF4B99728B3,The Return of Forever,UCmKdSrwf1e8coqAzUsrVHZw,5
PL7BD0C4EBAFC365E8,Breaking Boundaries,UCmKdSrwf1e8coqAzUsrVHZw,4
PL8A1A45C57DDD7107,VEVO LIFT Presents:  Oh Land,UCmKdSrwf1e8coqAzUsrVHZw,1
PL0AC488CC2CD6A009,Swag,UCmKdSrwf1e8coqAzUsrVHZw,5
PLDB9DA3D0BC08074F,See It To Believe It,UCmKdSrwf1e8coqAzUsrVHZw,5
PLodZ18Gliq95mG1EPWwdGvKBBk2nDIbI4,Florence & the Machine Live,UCDYfiBTEPexujA5wDWvxUnA,10
PLodZ18Gliq95iq3cqvyFPOsJkLIG_3cA3,Vevo HQ Indie Mix,UCDYfiBTEPexujA5wDWvxUnA,5
PLodZ18Gliq97q2_329CpaAWFQz05D31KZ,Vevo HQ Indie Mix,UCDYfiBTEPexujA5wDWvxUnA,8
PLodZ18Gliq96eMWCp97OhTZvG62aZmIww,Vevo HQ Indie Mix,UCDYfiBTEPexujA5wDWvxUnA,9
PLodZ18Gliq942aanoN1s_tq12iAags0D8,Vevo HQ Indie Mix,UCDYfiBTEPexujA5wDWvxUnA,7
PLodZ18Gliq94CMcD-bur94c81LWLTYStu,Vevo HQ Indie Mix,UCDYfiBTEPexujA5wDWvxUnA,9
PLodZ18Gliq94tWkG0CGqEnPYg-J2dEkXm,Vevo HQ Indie Mix,UCDYfiBTEPexujA5wDWvxUnA,7
PLodZ18Gliq97XrTgQ1mjoWejkhC07aKmu,Vevo HQ Indie Mix,UCDYfiBTEPexujA5wDWvxUnA,8
PLodZ18Gliq96-sGabGLNy5wKxwNR-kVM4,Vevo HQ Indie Mix,UCDYfiBTEPexujA5wDWvxUnA,6
PLodZ18Gliq953nHA-C1fTJqqrTgqhixWa,Vevo HQ Indie Mix,UCDYfiBTEPexujA5wDWvxUnA,8
PLodZ18Gliq97LQdAASpsb8ukI5kzxKkac,Vevo HQ Indie Mix,UCDYfiBTEPexujA5wDWvxUnA,5
PLodZ18Gliq96dmBzcvW0CMddeN-ctIq8d,Vevo HQ Indie Mix,UCDYfiBTEPexujA5wDWvxUnA,9
PLodZ18Gliq97zUhK9ts9TpneoEbr3ECbW,Vevo HQ Indie Mix,UCDYfiBTEPexujA5wDWvxUnA,6
PLodZ18Gliq96AdHzCfMEWwVQNoi_9dPlK,Vevo HQ Indie Mix,UCDYfiBTEPexujA5wDWvxUnA,5
PLodZ18Gliq94C1H5lHtN5xK9qhd-E-Ust,Vevo HQ Indie Mix,UCDYfiBTEPexujA5wDWvxUnA,5
PLodZ18Gliq944f4suNhkWvq_GuudY_mF0,Vevo HQ Indie Mix,UCDYfiBTEPexujA5wDWvxUnA,6
PLodZ18Gliq96r7A_izS4t-OIM2CM_6TzX,Vevo HQ Indie Mix,UCDYfiBTEPexujA5wDWvxUnA,3
PLodZ18Gliq948c1avqOD9UoeNoELIRk0u,Vevo HQ Indie Mix,UCDYfiBTEPexujA5wDWvxUnA,5
PLodZ18Gliq94s1I_RRZYaQFBnyqxhsZVv,Vevo HQ Indie Mix,UCDYfiBTEPexujA5wDWvxUnA,5
PLodZ18Gliq94SdU8VPw6vN5WaMzf1tW9Z,Vevo HQ Indie Mix,UCDYfiBTEPexujA5wDWvxUnA,9
PLodZ18Gliq97UIYM7KlhkYjqtOB_yHC6M,Vevo HQ Indie Mix,UCDYfiBTEPexujA5wDWvxUnA,3
PLodZ18Gliq96eKdb1qfLr-dZeBRwJYD87,Vevo HQ Indie Mix,UCDYfiBTEPexujA5wDWvxUnA,9
PLodZ18Gliq95L_psEOFG7xDvbYOCFEBBe,Vevo HQ Indie Mix,UCDYfiBTEPexujA5wDWvxUnA,9
PLodZ18Gliq94TJnW89N0lRGjKVBhcp7Ew,Vevo HQ Indie Mix,UCDYfiBTEPexujA5wDWvxUnA,7
PLodZ18Gliq95JmsnOlRX2IM3kskrSo40X,Vevo HQ Indie Mix,UCDYfiBTEPexujA5wDWvxUnA,10
PLodZ18Gliq96R37jb06X0_P77MRwSG-Xw,Vevo HQ Indie Mix,UCDYfiBTEPexujA5wDWvxUnA,8
PLodZ18Gliq94cW9ilhN9YiFlk_cDGYsEq,Vevo HQ Indie Mix,UCDYfiBTEPexujA5wDWvxUnA,10
PLodZ18Gliq975z0ABEPMFOedQjPVsbUfT,Vevo HQ Indie Mix,UCDYfiBTEPexujA5wDWvxUnA,6
PLodZ18Gliq94h7pqRgYV7rHTLpeq8wy3u,Vevo HQ Indie Mix,UCDYfiBTEPexujA5wDWvxUnA,7
PLodZ18Gliq941le7Dr8LzE_aYtGjPa7Vj,Vevo HQ Indie Mix,UCDYfiBTEPexujA5wDWvxUnA,5
PLodZ18Gliq94jSKumZI4hgBx0gaAojQ4e,Vevo HQ Indie Mix,UCDYfiBTEPexujA5wDWvxUnA,10
PLodZ18Gliq94XuUja9DnTyiaxAxKhx4Op,Vevo HQ Indie Mix,UCDYfiBTEPexujA5wDWvxUnA,8
PLodZ18Gliq94SQpxJ_f06-2rejru8rel3,Vevo HQ Indie Mix,UCDYfiBTEPexujA5wDWvxUnA,12
PLodZ18Gliq97OUbZaKPlHDh1CAcUMBJ_9,Vevo HQ Indie Mix,UCDYfiBTEPexujA5wDWvxUnA,7
PLodZ18Gliq96ESLQXsAFM4Msxr6U4pOUk,Vevo HQ Indie Mix,UCDYfiBTEPexujA5wDWvxUnA,9
PLodZ18Gliq96KI2YW36SLKnIiLHsXPMjF,Vevo HQ Indie Mix,UCDYfiBTEPexujA5wDWvxUnA,7
PLodZ18Gliq96-TCXOshcKx-8kezv5TmNv,Vevo HQ Indie Mix,UCDYfiBTEPexujA5wDWvxUnA,9
PLodZ18Gliq963Plc4CThVVlHs9ucRJWfa,Vevo HQ Indie Mix,UCDYfiBTEPexujA5wDWvxUnA,8
PLodZ18Gliq96S1AI7Yw7dGFeJShUYCtHb,Vevo HQ Indie Mix,UCDYfiBTEPexujA5wDWvxUnA,10
PLodZ18Gliq95mK-lFna6qrQ3rSlCS5DJM,Vevo HQ Indie Mix,UCDYfiBTEPexujA5wDWvxUnA,7
PLodZ18Gliq969JMHwqIiROpukq2bZq_AJ,Vevo HQ Indie Mix,UCDYfiBTEPexujA5wDWvxUnA,9
PLodZ18Gliq977k1BX9dbFeIpT1Smu378B,Vevo HQ Indie Mix,UCDYfiBTEPexujA5wDWvxUnA,9
PLodZ18Gliq97BEmtahAXmzTrDqxmC42fz,Vevo HQ Indie Mix,UCDYfiBTEPexujA5wDWvxUnA,10
PLodZ18Gliq94-XrQHTbrLpxEhDMN5dsE7,Vevo HQ Indie Mix,UCDYfiBTEPexujA5wDWvxUnA,7
PLodZ18Gliq951XTrXJJxapahI4z34WtfU,Vevo HQ Indie Mix,UCDYfiBTEPexujA5wDWvxUnA,11
PLodZ18Gliq94inVf--Sm2BLzJWRXHPKPE,Vevo HQ Indie Mix,UCDYfiBTEPexujA5wDWvxUnA,10
PLodZ18Gliq96hAMfic3gvJakfzagQXHWt,Vevo HQ Indie Mix,UCDYfiBTEPexujA5wDWvxUnA,10
PLodZ18Gliq94zWga__peGaTqhS8p0Q8nk,Vevo HQ Indie Mix,UCDYfiBTEPexujA5wDWvxUnA,7
PLodZ18Gliq95HiQoHdUqdKNOuadUpqhrG,VVV ft. Florence + The Machine,UCDYfiBTEPexujA5wDWvxUnA,2
PLodZ18Gliq97AOkBrQrNAeIzERI0qpTDS,Vevo HQ Indie Mix,UCDYfiBTEPexujA5wDWvxUnA,11
PLxgEqpZ1Pdg-1ogL-g2vrnDZ9cRmoaHOB,VEVO,UComP_epzeKzvBX156r6pm1Q,5
PLxgEqpZ1Pdg8FOCBgJXgaPy2TTvB-JXxN,VEVO,UComP_epzeKzvBX156r6pm1Q,5
PLxgEqpZ1Pdg_oFTG7fJyGc430PHCb1b-d,VEVO,UComP_epzeKzvBX156r6pm1Q,5
PLxgEqpZ1Pdg_cWL8aTihPfO4GbgV4vzSj,VEVO,UComP_epzeKzvBX156r6pm1Q,5
PLxgEqpZ1Pdg-kSPY7stwIpbN1Uxs-2V2_,VEVO - Pop Up,UComP_epzeKzvBX156r6pm1Q,5
PLxgEqpZ1Pdg_tPfGSYVo5kF47cpasWmIl,VEVO - Pop Up,UComP_epzeKzvBX156r6pm1Q,4
PLxgEqpZ1Pdg84S3cYu4GbsenEFouQUvLY,VEVO - Pop Up,UComP_epzeKzvBX156r6pm1Q,5
PLxgEqpZ1Pdg-SjOqy2iv98woqlGPcRVUn,VEVO - Pop,UComP_epzeKzvBX156r6pm1Q,5
PLxgEqpZ1Pdg-H1dQ7WvFPlN_jOzjejUcc,VEVO - Pop,UComP_epzeKzvBX156r6pm1Q,5
PLxgEqpZ1Pdg9NSTthFSvhXFyFjliEVk4f,DSCVR,UComP_epzeKzvBX156r6pm1Q,5
PLxgEqpZ1Pdg83omPX8pyPt46qHCc7ZDi0,Summer Six Acoustics,UComP_epzeKzvBX156r6pm1Q,5
PLxgEqpZ1Pdg9_IlXZg5ZUyYf5ZvSUCTPo,VEVO,UComP_epzeKzvBX156r6pm1Q,5
PLxgEqpZ1Pdg9yBlUXn5Xaz50w-5WUwWNy,VEVO,UComP_epzeKzvBX156r6pm1Q,5
PLxgEqpZ1Pdg_y5i5B933jEFtGYqE_5t-l,Summer Six Acoustics,UComP_epzeKzvBX156r6pm1Q,5
PLxgEqpZ1Pdg8OTYnIK6aoTcUckj-P8Eq7,VEVO - Pop Up,UComP_epzeKzvBX156r6pm1Q,5
PLxgEqpZ1Pdg9EuzjwZw5wo77ZhX4PKuT3,Summer Six Sundown,UComP_epzeKzvBX156r6pm1Q,5
PLxgEqpZ1Pdg8QB8LVL0LqJEXWLyA3Uxl_,VEVO - Pop Up,UComP_epzeKzvBX156r6pm1Q,5
PLxgEqpZ1Pdg9Xf9EJNPyCGX5ZAldZwIoR,Grow Old With Me,UComP_epzeKzvBX156r6pm1Q,5
PLxgEqpZ1Pdg9sLYN6Bm3vW6J7LS6hNB1B,Traces,UComP_epzeKzvBX156r6pm1Q,5
PLxgEqpZ1Pdg9Q3CUMKW1bewmCLMZpwIHi,VEVO - Pop Up,UComP_epzeKzvBX156r6pm1Q,5
PLxgEqpZ1Pdg9t0YElyAxoc5F54_p-M2HB,Afterglow,UComP_epzeKzvBX156r6pm1Q,5
PLxgEqpZ1Pdg861_rIOTOSeIV7in45rTig,VEVO - Pop Up,UComP_epzeKzvBX156r6pm1Q,5
PLxgEqpZ1Pdg-2wtspnXEC99-1UzUeSe_X,Ocean,UComP_epzeKzvBX156r6pm1Q,5
PLxgEqpZ1Pdg-BioG0rMt9xeHgytfYDLcB,VEVO - Pop Up,UComP_epzeKzvBX156r6pm1Q,5
PLxgEqpZ1Pdg9-OHsF2d8vXFD1HTfajIMj,Wrecking Ball,UComP_epzeKzvBX156r6pm1Q,5
PLxgEqpZ1Pdg-Af-CE3LiwyrLS6tC9yIDe,VEVO - Pop Up,UComP_epzeKzvBX156r6pm1Q,5
PLxgEqpZ1Pdg9R4H3uXf_4bcxqSyCwNAVS,Roar,UComP_epzeKzvBX156r6pm1Q,5
PLxgEqpZ1Pdg-16HVG3iQXNPKgTS9UQjEd,Roar,UComP_epzeKzvBX156r6pm1Q,5
PLxgEqpZ1Pdg-gAo9KvmJVsjahKZ-fbCFr,Vogue,UComP_epzeKzvBX156r6pm1Q,5
PLxgEqpZ1Pdg8gtI5qtK9e478FifawKUQC,Something Really Bad,UComP_epzeKzvBX156r6pm1Q,5
PLxgEqpZ1Pdg9fEUaOTJaY_qmmACQWRBp2,How We Do,UComP_epzeKzvBX156r6pm1Q,5
PLxgEqpZ1Pdg-TG4P5W4T2NH4weGGBznEq,Juliet,UComP_epzeKzvBX156r6pm1Q,5
PLxgEqpZ1Pdg_-UxWFIdsEt9bMX_PJGL0K,RIP,UComP_epzeKzvBX156r6pm1Q,5
PLxgEqpZ1Pdg83ZUMlDpuKGhC1cKzAvkwZ,VEVO,UComP_epzeKzvBX156r6pm1Q,5
PLxgEqpZ1Pdg-0qQrz3u5-96u6Y05SpIkI,Express Yourself,UComP_epzeKzvBX156r6pm1Q,4
PLxgEqpZ1Pdg-b4qkCD7PBRNnIhA6pZ8wO,VEVO,UComP_epzeKzvBX156r6pm1Q,5
PLxgEqpZ1Pdg9qHAVsf_Ie7QUv__q6Bqhw,Express Yourself,UComP_epzeKzvBX156r6pm1Q,4
PLxgEqpZ1Pdg9cWtIKAb0I0RLMAxi6ViBf,VEVO - Pop Up,UComP_epzeKzvBX156r6pm1Q,5
PLxgEqpZ1Pdg8Z9s_iACbzsNqlFw8zLlOu,Oxegen,UComP_epzeKzvBX156r6pm1Q,5
PLxgEqpZ1Pdg9QGnm5eRne6oafsV5ufwsg,VEVO - Pop Up,UComP_epzeKzvBX156r6pm1Q,5
PLxgEqpZ1Pdg_1Z47PSoaXjOBbDDbx3eEE,Beneath Your Beautiful,UComP_epzeKzvBX156r6pm1Q,5
PLxgEqpZ1Pdg9qHtPvBOq2hOm7fT0UtAT4,Grow Old With Me,UComP_epzeKzvBX156r6pm1Q,5
PLxgEqpZ1Pdg-42twI5t8C2aUHR6pTo_8s,VEVO - Pop Up,UComP_epzeKzvBX156r6pm1Q,4
PLxgEqpZ1Pdg_W4HTQrzfbo_T_tw6dlKIx,Mountains,UComP_epzeKzvBX156r6pm1Q,3
PLxgEqpZ1Pdg9dIuv7E9lIG7tca5-rH7tW,Rescue,UComP_epzeKzvBX156r6pm1Q,4
PLxgEqpZ1Pdg_yJ_LRq_Zpwjic-Gj9NdK2,VEVO - Pop Up,UComP_epzeKzvBX156r6pm1Q,4
PLxgEqpZ1Pdg8BFwh1HyttF2eYIL9iko7D,Rescue,UComP_epzeKzvBX156r6pm1Q,4
PLxgEqpZ1Pdg_9Q5QRw5UVyUv6QTpOneZH,VEVO - Pop Up,UComP_epzeKzvBX156r6pm1Q,5
PLxgEqpZ1Pdg8Up-0GW16VEbiaWasdEtNu,YNOT Winners Day,UComP_epzeKzvBX156r6pm1Q,5
PLxgEqpZ1Pdg8ICKJ85w71rQakbksDnXpj,VEVO - Pop Up,UComP_epzeKzvBX156r6pm1Q,5
PLVOXUojQhsNogG-Mz_7EWwsKj-wzsjaoU,Vevo Presents: The Weeknd,UCF_fDSgPpBQuh1MsUTgIARQ,7
PLVOXUojQhsNodwT7R8YNar0frnraN8cCE,Best of The Weeknd,UCF_fDSgPpBQuh1MsUTgIARQ,14
PLVOXUojQhsNqAdylgXaD-bxjDQ4EYeiQa,Vevo Presents: The Weeknd,UCF_fDSgPpBQuh1MsUTgIARQ,5
PLVOXUojQhsNpIcaQhFwumzOSsxEx-LL7a,Favorites,UCF_fDSgPpBQuh1MsUTgIARQ,2
PLpKm8dlPCoewJqSuOtfJWesBRAsvue3Xs,Live Performances,UCnyB9MYKRkSFK3IIB32CoVw,32
PLpKm8dlPCoeyP5V6fH_koc4cHzFtHsTPs,Honda Civic Tour: Future Now,UCnyB9MYKRkSFK3IIB32CoVw,16
PLpKm8dlPCoey7sxrZW9oGR77TPXQMMt0J,CONFIDENT,UCnyB9MYKRkSFK3IIB32CoVw,14
PLpKm8dlPCoezcsNR0ZZiDAbS17dWF8Bnm,Vevo HQ Pop Mix,UCnyB9MYKRkSFK3IIB32CoVw,7
PLpKm8dlPCoezrZGefQ5EPVJZDX1WJGpxL,Vevo HQ Pop Mix,UCnyB9MYKRkSFK3IIB32CoVw,6
PLpKm8dlPCoezrcgSKRU_4U495Qf5-Q9-r,Vevo HQ Pop Mix,UCnyB9MYKRkSFK3IIB32CoVw,6
PLpKm8dlPCoexzjzXcP_sU3mCh_ChlFsQ-,Vevo HQ Pop Mix,UCnyB9MYKRkSFK3IIB32CoVw,5
PLpKm8dlPCoezfOHc6cmdNaAxThpx-r1-a,Vevo HQ Pop Mix,UCnyB9MYKRkSFK3IIB32CoVw,5
PLpKm8dlPCoeyuS8bDOcdlAudxSM4UaUr8,Vevo HQ Pop Mix,UCnyB9MYKRkSFK3IIB32CoVw,5
PLpKm8dlPCoewCPPMAuoqm0ERz31iIdStv,Vevo HQ Pop mix,UCnyB9MYKRkSFK3IIB32CoVw,6
PLpKm8dlPCoey8eLs04zf61sIe4NvsutUi,Vevo HQ Pop Mix,UCnyB9MYKRkSFK3IIB32CoVw,5
PLpKm8dlPCoew-Df-IEM_PSFShCM2ndECO,Vevo HQ Pop Mix,UCnyB9MYKRkSFK3IIB32CoVw,5
PLpKm8dlPCoezdBR_E9LDhOB9eYfLwwuNB,Vevo HQ Pop Mix,UCnyB9MYKRkSFK3IIB32CoVw,5
PLpKm8dlPCoezWCNEwt2EQlIcNjtFb7pgZ,Vevo HQ Pop Mix,UCnyB9MYKRkSFK3IIB32CoVw,6
PLpKm8dlPCoew9eGs9krVeApWt3ajHWcKv,Vevo HQ Pop Mix,UCnyB9MYKRkSFK3IIB32CoVw,5
PLpKm8dlPCoez50almRKIvFVOBavRFdbn2,Vevo HQ Pop Mix,UCnyB9MYKRkSFK3IIB32CoVw,6
PLpKm8dlPCoexVub1YUunrJQYe7e71xcM6,Vevo HQ Pop Mix,UCnyB9MYKRkSFK3IIB32CoVw,4
PLpKm8dlPCoeyfw5CAODykXvEXF1nz5QIg,Vevo HQ Pop Mix,UCnyB9MYKRkSFK3IIB32CoVw,5
PLpKm8dlPCoezMMiiYCae4hLzILmOO1plf,Vevo HQ Pop Mix,UCnyB9MYKRkSFK3IIB32CoVw,9
PLpKm8dlPCoexk4rjgCEz0QkMbgUseptl9,Vevo HQ Pop Mix,UCnyB9MYKRkSFK3IIB32CoVw,9
PLpKm8dlPCoex-7ncbb-iQBBen3JobTXd0,Vevo HQ Pop Mix,UCnyB9MYKRkSFK3IIB32CoVw,8
PLpKm8dlPCoewGQNUEGe_e6qhqcHc-NbsL,Vevo HQ Pop Mix,UCnyB9MYKRkSFK3IIB32CoVw,7
PLpKm8dlPCoezI2L-OYsSzLe7vvRHdgySq,Vevo HQ Pop Mix,UCnyB9MYKRkSFK3IIB32CoVw,10
PLpKm8dlPCoewUz7mdbV5H-btL4QaB8dZz,Vevo HQ Pop Mix,UCnyB9MYKRkSFK3IIB32CoVw,11
PLpKm8dlPCoeyq_zHdNg2txOfCbsVrkK4X,Vevo HQ Pop Mix,UCnyB9MYKRkSFK3IIB32CoVw,10
PLpKm8dlPCoez_NAc_giiw-sfmiKog8vPP,Vevo HQ Pop Mix,UCnyB9MYKRkSFK3IIB32CoVw,8
PLpKm8dlPCoeyD-T4LMkQRfGpIIORaWbCN,Vevo HQ Pop Mix,UCnyB9MYKRkSFK3IIB32CoVw,10
PLpKm8dlPCoewpjrEfGESisNGAMigFDT_v,Vevo HQ Pop Mix,UCnyB9MYKRkSFK3IIB32CoVw,13
PLpKm8dlPCoezslw5R39iXASmRmU1xIAMp,Vevo HQ Pop Mix,UCnyB9MYKRkSFK3IIB32CoVw,13
PLpKm8dlPCoewE8SNUuhpz29yqdUoUUfmd,Vevo HQ Pop Mix,UCnyB9MYKRkSFK3IIB32CoVw,10
PLpKm8dlPCoez24KyAy3cy6wTk1M9E1NG1,Vevo HQ Pop Mix,UCnyB9MYKRkSFK3IIB32CoVw,11
PLpKm8dlPCoex6RFcnScIHONkArukuojIP,Vevo HQ Pop Mix,UCnyB9MYKRkSFK3IIB32CoVw,11
PLpKm8dlPCoexi-XCiaWFqmqaNWqIv6nJs,Vevo HQ Pop Mix,UCnyB9MYKRkSFK3IIB32CoVw,10
PLpKm8dlPCoew-9N4AZvliazhprikIxthn,Vevo HQ Pop Mix,UCnyB9MYKRkSFK3IIB32CoVw,8
PLpKm8dlPCoezYs9uiiV335L5IyxIGwGWG,Vevo HQ Pop Mix,UCnyB9MYKRkSFK3IIB32CoVw,5
PLpKm8dlPCoeyRyl01SFu0wirGpPEAAI70,Vevo HQ Pop Mix,UCnyB9MYKRkSFK3IIB32CoVw,7
PLpKm8dlPCoeyCxWjE8htZKU85vFrDzzdv,Vevo HQ Pop Mix,UCnyB9MYKRkSFK3IIB32CoVw,8
PLpKm8dlPCoewd28wZ7yxRNGkWMwelIFfH,Vevo HQ Pop Mix,UCnyB9MYKRkSFK3IIB32CoVw,5
PLpKm8dlPCoez6hoVLnmSTXBSfO1z9h1q0,Vevo HQ Pop Mix,UCnyB9MYKRkSFK3IIB32CoVw,10
PLpKm8dlPCoeyZixZ6z9sbIcBHDosImCK4,Vevo HQ Pop Mix,UCnyB9MYKRkSFK3IIB32CoVw,7
PLpKm8dlPCoey6T_HYECIrHfTLuJy6XcXw,Vevo HQ Pop Mix,UCnyB9MYKRkSFK3IIB32CoVw,7
PLpKm8dlPCoewzkVsEuRon3iWK2YG94mrd,Vevo HQ Pop Mix,UCnyB9MYKRkSFK3IIB32CoVw,7
PLpKm8dlPCoeyC-39KwLsTueO_ygUYmY__,Vevo HQ Pop Mix,UCnyB9MYKRkSFK3IIB32CoVw,9
PLpKm8dlPCoewFzu5Iov3NXJbm3-wqkCKh,Vevo HQ Pop Mix,UCnyB9MYKRkSFK3IIB32CoVw,8
PLpKm8dlPCoezMqNmU65Mh8f_H1Nuv5FDU,Vevo HQ Pop Mix,UCnyB9MYKRkSFK3IIB32CoVw,9
PLpKm8dlPCoeyNQYBjbsR4O6QhHmo5i74N,Vevo HQ Pop Mix,UCnyB9MYKRkSFK3IIB32CoVw,8
PLpKm8dlPCoewBX_z7Fw2ZqctyvKfp54of,Vevo HQ Pop Mix,UCnyB9MYKRkSFK3IIB32CoVw,10
PLpKm8dlPCoeyLrrjOonli2IfGBK3AZVm3,Vevo HQ Pop Mix,UCnyB9MYKRkSFK3IIB32CoVw,13
PLpKm8dlPCoewJF4MFZ-yuySgT02guZ_wP,Vevo HQ Pop Mix,UCnyB9MYKRkSFK3IIB32CoVw,11
PLpKm8dlPCoew5QOxijXO8893ylEIs24c7,Vevo HQ Pop Mix,UCnyB9MYKRkSFK3IIB32CoVw,11